Actual_N,LSTM_custom,LSTM_mae,Linear,Polynomial (d=2),Boosting,MLP,RandomForest,Boosting_custom_with_window,LSTM_custom_with_window,LSTM_mae_with_window,RandomForest_mae_with_window,RandomForest_custom_with_window
402.90125,411.3812255859375,411.60342,388.09798381954135,372.6443185143643,367.2929591214629,395.4729309082031,327.984041733705,409.0440145913373,398.7730407714844,400.06775,390.8167566480312,390.8167566480312
391.4091667,415.69921875,415.3211,394.66910237263187,378.54939205238213,369.1584846311969,396.9345703125,358.3248262450072,404.3852579323685,394.4972839355469,397.22717,387.14289949106774,387.14289949106774
364.9470833,416.23980712890625,415.7403,395.58905897006474,379.41768324098746,367.90646715250585,397.35845947265625,359.1562175932928,377.5120698049774,383.35516357421875,387.69223,341.59805635863484,341.59805635863484
384.7658333,416.72802734375,416.14627,396.57472675302836,380.3593283669878,367.90646715250585,397.7995300292969,359.2585134780378,393.91622866680683,394.04864501953125,397.33405,379.86547533645216,379.86547533645216
378.4270833,421.1806335449219,420.25513,403.6058236048358,387.41649529142967,378.61392617339504,400.90960693359375,360.7452134326566,409.4672685515926,398.054443359375,402.02692,400.4764039122821,400.4764039122821
491.2333333,433.7578125,431.62582,423.9105799338869,411.1455195118941,407.5379052304024,411.1234436035156,405.6689571364205,579.4738941985337,569.2957153320312,572.2061,569.8630942184474,569.8630942184474
587.48625,610.2579345703125,595.9817,591.5112909854,598.9693450649728,608.5945709427457,611.3834838867188,602.5226664152913,606.2075708438925,607.7066650390625,604.3088,598.942870306255,598.942870306255
567.0791667,622.9297485351562,607.0997,611.224646644674,624.3936136127362,624.173571884903,623.8985595703125,624.0691759164848,600.9941026432646,598.6774291992188,599.965,603.3062659109204,603.3062659109204
595.2433333,620.25,604.47003,607.1505531417572,618.754823888993,625.1575838816685,621.4989624023438,623.1204426907182,615.2437668594982,613.6221923828125,612.7109,605.0941092286794,605.0941092286794
623.3654167,621.2565307617188,605.5969,608.8590439655607,621.0950918570769,625.1575838816685,622.4156494140625,623.9275037807005,614.8983370265379,619.979248046875,618.8597,620.0367153269362,620.0367153269362
590.6920833,606.64990234375,592.80383,585.5972842876185,592.2565315145947,599.6445971264507,607.5050048828125,591.5258072438914,596.6258728928507,596.6666870117188,593.6338,583.9664455356595,583.9664455356595
610.3925,597.95068359375,585.24744,571.7979353261276,578.2346509477278,586.2063042064425,598.5283813476562,580.9843995970931,606.1352109101252,606.250732421875,600.0703,605.3058767630497,605.3058767630497
578.5629167,599.9636840820312,587.0619,575.1492057882037,581.4286994715834,587.1876466838623,600.6805419921875,583.6293980307222,583.3952116518606,587.8711547851562,583.83356,579.0020534495789,579.0020534495789
593.02375,595.5272216796875,583.2477,567.9209753798034,574.7086604158484,566.1353162864448,596.0455932617188,579.2259332503934,596.3228330760348,598.7766723632812,592.7662,580.7845649068622,580.7845649068622
569.88375,601.3614501953125,588.2639,577.3176749107237,583.5676561979589,587.1876466838623,602.3443603515625,585.6357737461512,586.8779141828671,592.87158203125,588.8231,581.368332554915,581.368332554915
604.19375,610.8134765625,596.3898,592.2998252117712,599.8962759778209,608.5945709427457,611.9417724609375,602.9745418372686,616.4041969976366,612.974853515625,609.76465,605.539412513942,605.539412513942
583.9445833,614.7841186523438,599.9041,598.3452542806154,607.2520232438009,610.615006977313,615.7767333984375,606.655492465571,608.7212389711393,606.941162109375,605.11273,596.4146459618289,596.4146459618289
582.9891667,619.632080078125,603.9554,606.1648853587934,617.4206920046621,625.3520487090886,621.023193359375,623.2166500387951,609.7750311498309,608.599365234375,608.2241,602.7972078426101,602.7972078426101
617.56375,622.3444213867188,606.51483,610.370401232772,623.1946908523281,624.4228707503017,623.2761840820312,624.1625259545555,621.7624779615094,624.5409545898438,623.3288,623.7570877445834,623.7570877445834
615.3195833,622.3952026367188,606.495,610.4361124183029,623.286603041758,624.4228707503017,623.37890625,624.1625259545555,621.8501735113518,625.2229614257812,623.9436,631.7337373527831,631.7337373527831
615.105,625.131103515625,609.0085,614.7730506633432,629.4680147558519,634.1368769797328,626.0672607421875,629.1151941395012,622.661820863765,626.400634765625,625.5088,634.6868471229147,634.6868471229147
669.9454167,626.4793701171875,609.91254,616.8758086003317,632.5467656675099,637.8775628362204,627.2317504882812,628.7513831588791,463.97026551266083,450.9391174316406,443.30872,464.7951308761528,464.7951308761528
456.8954167,416.1099548339844,410.05316,398.358734215571,420.7815288562108,404.52234923935737,410.1016540527344,422.67446617849924,431.3984827757052,427.60784912109375,421.5704,434.054654256024,434.054654256024
453.165,418.0640869140625,411.8046,401.6735743331943,429.5469128925165,403.92797784937443,410.6263122558594,430.7358567039279,440.50657602147356,432.69903564453125,426.8933,440.18438226395995,440.18438226395995
462.0,420.6756286621094,413.91745,405.5879068125155,440.4286166233128,403.0162594187764,411.1076354980469,431.6134015689446,444.779136232972,440.757568359375,435.2436,445.61969739057406,445.61969739057406
467.06,423.8955993652344,416.79047,411.1596593506483,456.90986467228674,405.9446841334436,412.274169921875,435.6010135904919,448.4447789366598,444.513671875,440.62946,448.5644885776377,448.5644885776377
475.45,423.8836669921875,416.76794,411.23018786378924,457.1259567101522,405.9446841334436,412.16937255859375,435.6010135904919,250.0,250.0,312.74164,253.38430133474495,250.0
271.055,236.84774780273438,234.521,247.6274256809084,250.0,231.54577197198074,250.0,239.0815454934627,338.35384272815253,337.8277587890625,330.4958,368.0732908090289,368.0732908090289
445.42,421.6094970703125,414.89767,407.4569124107499,445.82725213680953,404.430003716269,411.27337646484375,433.66536106384507,446.1354280359919,430.1588439941406,425.9555,438.1079138033328,438.1079138033328
460.85,420.3733825683594,413.70303,405.27052850338134,439.52489064593215,403.0162594187764,411.12969970703125,431.6134015689446,447.45539011779215,439.15234375,433.88962,444.5716539385264,444.5716539385264
450.445,422.1537780761719,415.30423,408.303254568441,448.3150486989457,404.430003716269,411.6684265136719,434.7405151625185,423.44726486371195,425.66162109375,433.252,426.68082916639145,426.68082916639145
446.955,426.94622802734375,430.32346,401.09021234288497,391.2920046051623,404.2327507169793,406.5576477050781,412.05337566469643,436.2241062396799,428.1445617675781,420.70886,431.1079130607619,431.1079130607619
402.72,433.03875732421875,435.5355,410.8936756694731,407.31342802843864,408.0389070733399,411.5616760253906,424.4994342056658,523.0574211296428,551.5889892578125,554.8539,559.7527232195251,559.7527232195251
454.2108333,643.2979125976562,633.6059,629.4812785673747,637.9031343450973,636.7108254664623,636.13134765625,628.974816595462,568.4308612594219,515.1423950195312,526.8915,592.4646299475284,592.4646299475284
572.0958333,632.6160888671875,624.45575,612.3963703293387,614.9410595618164,615.6821290012751,623.16552734375,613.0329204770328,594.776551816066,604.189453125,603.02466,583.4297932436568,583.4297932436568
578.3745833,626.357421875,619.00183,602.6054036852323,603.3697319273896,600.1506214075466,616.9677124023438,599.5494361673266,590.781982611769,605.740966796875,602.7508,584.7310270061447,584.7310270061447
492.1791667,625.724365234375,618.5617,601.6197359022686,602.2689240227973,600.1506214075466,616.3214721679688,598.935047862719,577.9371106407445,570.460205078125,571.38434,575.4722475192453,575.4722475192453
561.2095833,628.5838012695312,620.9203,606.0880965183709,607.3531488916632,607.4278335729878,619.1818237304688,603.4022057767064,587.7616301417912,598.5760498046875,596.9865,566.7788566565174,566.7788566565174
505.445,624.5591430664062,617.39777,599.6484003363412,600.1024800218396,598.4778597566927,615.1290893554688,595.3392692233823,573.0579988080904,574.6089477539062,574.2535,557.2903740993761,557.2903740993761
582.7891667,626.5807495117188,619.1269,602.9339596128874,603.7392732147154,600.1506214075466,617.1280517578125,599.7738054464312,590.8045100069885,604.2581176757812,600.63226,586.2054008781217,586.2054008781217
606.7304167,624.6063842773438,617.4511,599.714111521872,600.1739392793232,598.4778597566927,615.2453002929688,595.3392692233823,617.3024087830515,618.8414306640625,614.3523,604.6618332289524,604.6618332289524
596.2,625.500732421875,618.182,601.1597576035522,601.7592258587787,600.1506214075466,615.9420776367188,598.935047862719,605.9846545590508,614.8024291992188,610.4509,589.6229750160733,589.6229750160733
606.8470833,627.3684692382812,619.66455,604.1167609524431,605.0804078702776,607.4278335729878,617.8381958007812,602.7832722835834,620.2785005387576,625.8239135742188,620.6482,624.4491034205791,624.4491034205791
623.5295833,640.3588256835938,631.00134,624.8157843946803,631.2831138420219,623.006834515145,631.8740844726562,628.89998935169,640.2948581633563,639.5798950195312,636.5544,636.7179494776386,636.7179494776386
604.6770833,647.0962524414062,637.1893,635.5924188217498,646.9717920802804,635.8405723533382,641.795166015625,629.1270823319675,646.2231960635016,632.0125122070312,631.70465,646.5061564841826,646.5061564841826
613.4716667,645.7460327148438,635.8375,633.4239496992299,643.7022959522905,635.8405723533382,639.6959838867188,627.6435476908562,638.2829946944596,639.6217041015625,638.026,637.7862335865575,637.7862335865575
646.5416667,654.8399658203125,643.7246,647.9461217015612,666.6804704371579,643.8377689653737,653.32177734375,646.6133059223268,623.0688284213612,656.521728515625,655.12213,635.980033062593,635.980033062593
649.9254167,656.5606079101562,645.2564,650.908740832999,669.8204007108264,651.7653115643659,656.8016967773438,654.775356848775,792.257654213036,777.71337890625,773.9404,802.6726866539101,802.6726866539101
788.2858333,840.3681030273438,825.78107,814.4409745027388,835.1402365292432,842.6189926395407,827.36669921875,838.0790988814749,818.2048980944213,803.2293090820312,798.4098,825.9083654869555,825.9083654869555
833.4520833,839.6159057617188,825.0571,812.9246114702091,832.7424587096474,832.0785688897436,825.68115234375,838.8679115495213,841.8574976954469,844.6630859375,837.8632,851.254137666659,851.254137666659
881.10375,840.7667236328125,826.13544,815.0404668644369,836.1120015075356,842.6189926395407,827.8306884765625,838.9449262741715,887.3658463546685,872.8302001953125,864.1748,859.3938470750339,859.3938470750339
885.33,840.3893432617188,825.83136,814.51150301588,835.253861635353,842.6189926395407,827.4345092773438,838.0790988814749,891.1892094957184,878.1910400390625,868.593,866.58587827974,866.58587827974
885.14,842.6588745117188,828.22107,818.5668925214827,842.1013384126699,859.7373255819535,831.8390502929688,862.0730059540218,884.023774795462,876.7870483398438,868.857,875.5789385956873,875.5789385956873
871.2566667,839.5501708984375,825.041,813.0304042399202,832.9069447924575,832.0785688897436,825.8119506835938,838.8679115495213,873.1415965124287,867.977294921875,859.3176,868.8083984032284,868.8083984032284
878.2116667,839.099365234375,824.7687,812.3956476216522,831.9263299646872,832.0785688897436,824.9461669921875,838.8679115495213,878.9702649314448,874.735595703125,864.3646,880.6219007932508,880.6219007932508
879.5916667,845.9140625,831.35754,824.5618161384614,853.3544948955913,859.2323883471789,837.8463134765625,862.3747816274998,878.7333839986701,878.6915893554688,870.31915,884.8722130853148,884.8722130853148
863.4908333,848.9901123046875,834.23834,829.9219831371711,864.558469920319,859.2323883471789,842.9314575195312,874.7043122030783,855.6946093312172,867.4494018554688,863.2729,851.9389257904473,851.9389257904473
829.4783333,840.3893432617188,825.83136,814.5467672724503,835.3107442069567,842.6189926395407,827.4345092773438,838.0790988814749,849.370685772721,848.1569213867188,843.4625,829.9287341167144,829.9287341167144
843.0758333,835.727294921875,821.4309,806.3413284059518,822.6048913957733,830.2751737161461,818.7161254882812,819.1664084893217,842.8554783220038,854.0693359375,845.4874,845.1636326146821,845.1636326146821
878.02,840.0972290039062,825.6806,814.123596193605,834.6312341637475,842.6189926395407,826.951416015625,838.6783835551624,875.5848414791049,871.4463500976562,862.3611,865.3786626833446,865.3786626833446
878.95875,839.8236083984375,825.2495,813.4535753187661,833.5690902364075,832.0785688897436,826.1109008789062,838.8679115495213,868.8812999600317,869.5438232421875,870.36365,860.0895664421571,860.0895664421571
872.1895833,850.5831909179688,844.84216,825.1690179863349,844.3203730475924,863.8015637166694,866.6311645507812,839.8499578884607,889.0648387968947,875.8421020507812,868.0661,873.4256490564846,873.4256490564846
862.7233333,852.7614135742188,846.86224,829.2949360050789,848.5277646603216,885.9942485733299,872.3544921875,863.8267112687136,872.6342893805437,872.9408569335938,867.0091,867.195932839181,867.195932839181
835.46875,853.3197631835938,847.37134,830.14127816277,849.4698002692938,891.5232160813213,873.064208984375,864.6531294621306,847.7776064808048,860.1082153320312,855.98047,849.1448122362513,849.1448122362513
958.67,853.6655883789062,847.554,830.7407705244677,850.153343134354,891.7328572456332,873.7383422851562,864.6938506330912,945.560665889401,1005.8330688476562,1001.8436,979.9781514110423,979.9781514110423
1016.834167,1033.1910400390625,1001.5917,994.2890488736351,961.9122711711397,979.4949856478745,989.0341796875,947.6702268884616,941.2281799036324,1018.4268188476562,1013.36597,982.831330627167,982.831330627167
987.95625,1038.91650390625,1006.4003,1004.4451547659277,987.4971288114983,972.4167796769883,1001.0591430664062,946.3989204469439,924.8937215154448,1010.5528564453125,1006.98566,979.0525385655346,979.0525385655346
1064.509167,1042.1910400390625,1009.7754,1010.5106068960471,1004.6235967833353,973.9661558806083,1008.614013671875,945.2834917990905,954.3865831478823,1051.874755859375,1048.1273,977.5192078965482,977.5192078965482
1076.946667,1044.8001708984375,1012.23755,1014.9539032239253,1018.0460824114679,969.9753719015679,1015.0911865234375,944.649216960344,970.2030394161521,1057.0753173828125,1055.1792,979.3766762134443,979.3766762134443
1017.50625,1041.0177001953125,1008.5481,1008.1479017058263,997.78804658448,973.9661558806083,1005.1015625,945.7645549922405,935.3938872606575,1028.2337646484375,1029.0352,976.5618203213102,976.5618203213102
1053.705833,1039.3125,1007.0936,1005.5736109761827,990.5788874064136,972.4167796769883,1002.1790161132812,945.7645549922405,959.6851170918925,1040.8468017578125,1039.373,977.3901709637728,977.3901709637728
1069.7325,1036.2227783203125,1004.3394,999.7550086420564,975.200755310795,969.6431848767841,995.5198364257812,946.9411139793425,891.2849215579294,935.9048461914062,925.82495,864.6133651386011,864.6133651386011
907.1316667,850.8330078125,845.1253,825.6979818348918,844.8240727705751,866.9594383361751,867.5303344726562,840.7963308599155,852.0489739304295,848.9962158203125,846.40186,878.7318253214576,878.7318253214576
854.1125,846.6500244140625,841.1778,818.6368056870696,839.1089590633763,847.0877567066095,856.9782104492188,839.2038675565367,854.3408558948807,865.5396728515625,858.57587,851.4203650982225,851.4203650982225
844.7320833,848.885009765625,843.2733,822.3478774606979,841.8113548399832,860.4601697749018,862.2030639648438,840.326426258616,867.0124367746703,863.0225830078125,856.08246,871.0729179512119,871.0729179512119
846.1429167,851.879638671875,846.21735,827.6375159462673,846.7608288880573,883.6543736436709,870.1446533203125,863.6365612386717,876.9654492813476,862.9273681640625,858.3136,868.5551881334164,868.5551881334164
873.84375,848.7244873046875,843.05695,822.0304991515641,841.5477852432349,860.4601697749018,861.9495849609375,840.326426258616,919.4122406657397,952.2543334960938,952.99744,962.1929906781614,962.1929906781614
932.5008333,1015.6903686523438,985.7205,963.9171860209351,921.5301590295684,941.4706656342199,957.1751708984375,862.6946328655075,904.3836967776273,961.5960083007812,954.9019,970.0438594912129,970.0438594912129
953.36,1014.916259765625,985.1701,962.9972294235023,920.964571436726,941.4706656342199,956.6920776367188,820.2559538135462,881.3908706790507,967.43505859375,962.45844,970.4174026024168,970.4174026024168
996.3175,1013.5333862304688,983.7893,960.6973379299202,919.5952836776677,922.4492240077949,954.5635375976562,766.998706526167,694.2149039168088,732.43028,746.9937,639.1094542374996,639.1094542374996
662.4425,653.650146484375,651.8405,638.2283518298243,632.8647074223658,636.6206176798946,627.2089233398438,635.2120735832796,633.5101599785157,632.5792236328125,632.09686,649.7120746746883,649.7120746746883
634.0483333,657.7691650390625,655.4727,644.9308927539769,642.3674950995759,639.4184235998275,632.7698364257812,633.4282297113111,633.9038751067892,634.1202392578125,634.48456,631.2422665332504,631.2422665332504
658.05,657.1281127929688,654.9354,643.5509578578276,640.3667223347201,639.4184235998275,631.65673828125,634.2896647460269,639.4847876795991,642.3789672851562,642.11237,650.5010236191547,650.5010236191547
654.5625,656.6721801757812,654.26764,642.6967124459262,639.1396642289286,640.2454644439058,630.7886352539062,634.5591917358438,637.7856532639698,640.8824462890625,640.2019,653.1044561558599,653.1044561558599
627.95375,658.6818237304688,656.1615,646.2451164645958,644.2943565877171,640.187093779068,633.7747192382812,633.4282297113111,634.5147292837848,632.345947265625,633.1366,635.0356629787053,635.0356629787053
630.4316667,664.0772094726562,660.7552,654.9189929546753,657.5343736392805,654.2017966590396,641.6543579101562,649.4286907492045,625.81641579154,636.4815673828125,638.3774,637.4596355459187,637.4596355459187
650.885,667.2191162109375,663.63525,659.7325144617901,662.8264705206492,654.6871351015424,646.59619140625,652.7754905018392,775.8674560587657,768.1425170898438,768.6374,779.2664605706752,779.2664605706752
774.6033333,848.6328735351562,842.9257,821.6778565858594,841.2593646436197,860.4601697749018,861.4955444335938,840.326426258616,803.977277263076,803.4231567382812,800.26587,809.9371459368411,809.9371459368411
854.0991667,850.2020263671875,844.4201,824.3932043417849,843.6006118192016,863.8015637166694,865.4732055664062,840.6387705565073,879.1965669108409,864.8269653320312,859.6813,869.6764030195412,869.6764030195412
844.91375,847.0897216796875,841.77026,819.6325297047724,839.6785762134931,858.2745901877587,858.427734375,840.0376975002814,842.9227852347078,861.2412109375,854.254,849.2603147020565,849.2603147020565
847.4091667,849.7279052734375,844.0248,823.7937119800868,843.0599067866978,860.4601697749018,864.8018798828125,840.6387705565073,876.5944387209368,867.3048706054688,859.28815,872.9225921042319,872.9225921042319
844.0845833,857.8107299804688,851.8792,837.8288860951302,859.2579231773315,892.1404665844019,879.7037963867188,864.1786971332132,798.6965903811413,866.9340209960938,864.6732,814.7628974856561,814.7628974856561
736.97125,860.7257690429688,862.06195,964.0,964.0,808.6805287274856,897.38134765625,772.5615460169055,759.6518069248855,815.5639038085938,818.9825,763.4545650395053,763.4545650395053
797.1041667,866.0042724609375,866.6414,964.0,964.0,808.6805287274856,902.6864624023438,772.5615460169055,781.9912396279445,852.9859619140625,853.68384,774.0727120502221,774.0727120502221
861.3854167,871.084716796875,871.77026,964.0,964.0,808.6805287274856,907.46923828125,772.5615460169055,819.7381587379539,899.8356323242188,898.6307,808.3246892640102,808.3246892640102
877.3754167,873.2909545898438,873.8941,964.0,964.0,808.6805287274856,909.1848754882812,772.5615460169055,816.0103266746253,906.2096557617188,905.6207,814.8529184825582,814.8529184825582
870.8579167,870.5841064453125,871.19714,964.0,964.0,808.6805287274856,906.6781616210938,772.5615460169055,815.3880295801954,896.7874145507812,896.8845,812.2046249457808,812.2046249457808
897.3141667,862.1553344726562,863.40906,964.0,964.0,808.6805287274856,898.9683837890625,772.5615460169055,811.6534729062045,908.8063354492188,903.422,820.9165126094939,820.9165126094939
876.2775,865.4953002929688,866.4971,964.0,964.0,808.6805287274856,902.6471557617188,772.5615460169055,816.7330340847925,893.3292236328125,894.6314,806.9578137286688,806.9578137286688
878.2729167,850.2251586914062,852.2431,964.0,964.0,806.1352541116336,884.0211181640625,765.6738489126718,816.5895215099965,880.166259765625,878.6603,784.6721699709469,784.6721699709469
889.0425,837.7576293945312,840.87897,944.7012550071508,964.0,770.786623116348,858.56689453125,745.2915024224634,781.3619184508424,877.745361328125,870.40283,793.5124784591552,793.5124784591552
705.3683333,837.2901611328125,840.1639,941.4365529137111,964.0,770.786623116348,857.4348754882812,743.129800345936,761.8199357088707,799.8325805664062,802.32196,757.6523132771592,757.6523132771592
877.4845833,841.9165649414062,844.95013,954.6649313608464,964.0,773.1946347119449,868.5340576171875,749.3879538537312,818.2538130231356,884.322265625,873.74243,814.2139585206303,814.2139585206303
880.7541667,856.3411865234375,857.6982,964.0,964.0,807.0670189968954,892.292724609375,773.3315103494399,943.4474400304173,1021.7947998046875,1016.39233,968.7225565194871,968.7225565194871
1040.205,1036.481201171875,1011.18176,1144.3440238287255,799.2899525554739,946.0430458426586,1037.3502197265625,933.5419591723778,951.204606964112,1040.58740234375,1039.4058,965.2186911356873,965.2186911356873
1005.681667,1035.16455078125,1010.10443,1142.0871114082165,792.4222567717796,946.0430458426586,1034.732421875,933.89227202018,949.8433316004246,1013.1978149414062,1014.7836,978.7431663705679,978.7431663705679
993.7354167,1029.7059326171875,1005.08954,1132.0720625422055,764.2535476903676,945.7108588178746,1022.2728271484375,935.8780081212419,942.2877302062846,1004.2396850585938,1003.13464,971.986262149387,971.986262149387
1013.082917,1031.1319580078125,1006.56714,1134.5758247587082,770.9427614734985,948.484453618079,1025.4615478515625,934.8144707316884,954.2635644416948,1024.3179931640625,1020.8485,978.3295165410857,978.3295165410857
1019.596667,1036.3134765625,1010.81177,1143.8150599801688,797.6631818125524,946.0430458426586,1036.5704345703125,933.5419591723778,930.6800427929592,1024.8126220703125,1022.2431,976.9625931855823,976.9625931855823
1029.50875,1029.31005859375,1004.9145,1131.3667774107962,762.4117400351851,945.7108588178746,1021.3807373046875,936.4297728835091,816.196213231294,909.8355712890625,904.3456,791.0836972272159,791.0836972272159
856.3895833,843.8157958984375,846.38794,957.3097506036311,964.0,792.0150625501888,871.7659301757812,761.640574048229,813.9254496962551,872.2075805664062,862.12054,795.3112091382934,795.3112091382934
863.5120833,862.5941772460938,863.61127,964.0,964.0,808.6805287274856,899.5443725585938,772.5615460169055,810.2340498229185,883.103759765625,881.93384,794.4144486788441,794.4144486788441
873.0579167,856.662353515625,858.0737,964.0,964.0,807.8116538450264,892.4593505859375,772.9577701233114,803.6271270803206,877.7109375,878.106,779.7950856990758,779.7950856990758
989.2695833,839.7374877929688,842.41864,950.3626920592501,964.0,770.786623116348,862.7611083984375,748.4750445541935,936.8279676560342,998.9500122070312,993.54736,963.6273019060969,963.6273019060969
944.7316667,1007.4873657226562,985.4946,1052.7547419566508,763.5236823343629,938.2525626272394,977.661865234375,808.8606656161722,909.994660922174,959.9625854492188,953.933,967.1703108233929,967.1703108233929
923.3320833,1006.7014770507812,984.9539,1047.494944139443,768.453227102177,938.3961121435299,976.0289916992188,809.5160220691035,884.351982908032,953.4715576171875,946.16223,960.9946369300085,960.9946369300085
925.75125,1010.3589477539062,988.0638,1070.1664864549957,747.8896808145881,933.0835046493662,983.2857666015625,901.8168685761977,912.1161974773413,956.8630981445312,948.9274,968.7763094196857,968.7763094196857
947.7441667,1017.8536987304688,994.47327,1111.3366796787745,717.8994272470762,920.4678541731331,996.7489624023438,934.4855808580556,912.6939056092,971.0182495117188,966.56134,971.6496659097261,971.6496659097261
968.0683333,1018.2330932617188,994.7543,1112.006700553613,719.1449409742771,920.4678541731331,997.5877075195312,938.3380622495865,920.7569550642718,977.3910522460938,974.0822,971.249591050978,971.249591050978
932.9570833,1013.9818725585938,991.4996,1091.024305385305,730.5455486909312,921.2236955860251,989.4518432617188,909.0122201472507,907.1058014877029,951.2069702148438,946.702,960.9408973323488,960.9408973323488
891.8754167,1005.765380859375,984.14575,1042.4165186607593,773.3038249377995,934.2655733052674,974.493896484375,811.0469327931447,881.294513424981,937.5924682617188,932.6991,948.9267049304647,948.9267049304647
934.4758333,1011.68310546875,988.97833,1076.8772629803998,742.1447746200746,919.8099512885323,985.0218505859375,907.8037712442163,670.6324334704536,667.3750610351562,674.7929,631.314950079617,631.314950079617
614.6041667,627.6333618164062,644.65643,598.5540696540954,609.0915385123975,582.266734231728,632.1138916015625,578.7519224465265,631.9690378765065,618.35302734375,624.1917,596.9893542958259,596.9893542958259
630.9945833,615.3275146484375,638.02136,592.1819185681068,593.3146937948285,604.2142242945432,630.50634765625,587.9626521984687,806.1865146794768,868.7758178710938,878.26215,750.4113695050844,750.4113695050844
931.4345833,1006.5006713867188,987.8092,1100.3404424825744,695.515742079854,901.2426291177233,984.6798706054688,900.6724533689038,891.0170328394425,972.0294189453125,969.08044,964.9665134985128,964.9665134985128
997.7375,1007.21484375,988.4749,1103.0610275604406,693.128032491807,901.2426291177233,985.7978515625,905.0692055793037,902.3088597273153,989.5975341796875,983.0754,966.8960918989931,966.8960918989931
994.0458333,1004.048095703125,985.9544,1086.5561447547184,708.0079659298816,901.9984705306152,981.06787109375,898.8925399632332,926.9179519034461,989.834716796875,983.2447,967.2493467178014,967.2493467178014
994.0054167,1007.21484375,988.4749,1103.0610275604406,693.128032491807,901.2426291177233,985.7978515625,905.0692055793037,898.7316250599346,996.8786010742188,989.0203,965.0781346428921,965.0781346428921
1017.110417,1016.62548828125,996.66895,1124.2893411933983,717.7198573222803,919.0863509194933,1002.9188842773438,921.1886149836017,929.8028401739479,1019.9133911132812,1012.2082,976.7682124871053,976.7682124871053
1042.987917,1024.302978515625,1003.5195,1138.007136999308,753.2174843203583,923.4093219233177,1016.2357788085938,921.4252438755694,940.0277710123869,1040.0535888671875,1033.5187,972.6441931849224,972.6441931849224
1050.610417,1027.953369140625,1006.8587,1144.1431176425679,771.3819858332434,919.4185379442773,1021.6909790039062,921.0481320536314,948.6810650194632,1047.9302978515625,1042.3734,972.6351428449223,972.6351428449223
1077.6575,1030.55615234375,1009.04926,1149.2211705887141,787.4834398170232,925.3352575238154,1026.471923828125,920.4190196794207,960.3926874049105,1056.8778076171875,1054.1243,972.7778871889225,972.7778871889225
1086.590417,1023.4823608398438,1003.05133,1136.3144526839255,748.455293224445,921.8599457196976,1014.182861328125,921.7702120113196,961.9474211831002,1056.9339599609375,1050.0536,962.3034397088662,962.3034397088662
1079.017917,1024.3636474609375,1003.80273,1138.5713651044352,754.8287810158098,923.4093219233177,1016.1800537109375,921.4252438755694,953.5282240139171,1050.608154296875,1045.8578,962.441160684254,962.441160684254
1064.910417,1019.67431640625,999.2511,1129.4379226526858,730.2148348214695,919.0863509194933,1007.8583984375,921.5737161020393,957.9712278581117,1045.50927734375,1037.8253,972.2402793243646,972.2402793243646
1054.5575,1024.3062744140625,1003.6107,1138.1834582821602,753.7197308643507,923.4093219233177,1015.82177734375,921.4252438755694,954.2106287604067,1041.4801025390625,1036.6569,972.709837657868,972.709837657868
1046.27375,1021.3314819335938,1000.8863,1132.5059129743158,738.1335874094592,919.0863509194933,1010.7035522460938,922.8875550133979,964.067953429961,1032.19287109375,1029.3212,974.5188511213372,974.5188511213372
1028.0925,1014.9757080078125,995.31036,1121.644521950614,711.6880569605372,927.3209691506136,1000.2781372070312,920.8250882360792,961.7640898778209,1017.4181518554688,1014.5608,980.2184635874733,980.2184635874733
1041.67625,1009.083251953125,989.9406,1113.036506179284,684.592705026719,908.6327914009007,988.9716796875,918.3455364975026,930.0337383268775,1012.0497436523438,1006.9086,968.8408639659547,968.8408639659547
1001.249583,999.7686767578125,982.1015,1060.4385280072008,733.4845002708852,911.5633702496631,973.3414306640625,835.2847156428506,906.4801775935671,985.896484375,977.2785,958.9674407662064,958.9674407662064
955.27625,1007.7938842773438,988.827,1106.144357315356,690.4529919068963,901.2426291177233,986.549072265625,910.1838457384843,876.6466680928129,974.4207763671875,968.89954,956.8158327669372,956.8158327669372
956.085,1012.4061889648438,992.8804,1116.7427902873196,701.2033775069875,903.4207376402076,995.112548828125,922.4814896885068,791.2399558998845,864.756103515625,852.8306,781.0331016066954,781.0331016066954
846.375,825.971435546875,810.2051,944.2795526826374,500.76599457954296,748.2656770981501,805.0961303710938,738.5233096260738,751.2101477286852,821.515380859375,827.22424,767.5067564515555,767.5067564515555
847.1529167,827.2872314453125,811.46106,952.2599355777124,491.7952272961546,743.1592709730639,808.052001953125,741.1190356751907,750.6230493158438,819.965576171875,826.5568,764.7948269002128,764.7948269002128
838.0495833,820.99658203125,806.49347,916.7109572269253,533.4552821646201,747.2485047389031,793.4008178710938,733.789422976787,731.0861789058767,809.7229614257812,815.5898,761.2751504939174,761.2751504939174
850.5204167,813.5718383789062,800.43005,875.3580640433565,587.4312422065076,743.5627476258038,774.8975830078125,707.3442511074297,735.4405940538355,811.4000854492188,814.62994,753.1285742891289,753.1285742891289
844.5679167,812.5524291992188,799.83093,868.4659151794283,597.0038055576559,743.5627476258038,771.8120727539062,708.2205704486753,733.1000700575852,807.9586181640625,810.463,755.6642257824236,755.6642257824236
795.2854167,811.6217651367188,799.1825,863.5688620392689,603.9054706107717,731.1370581549999,769.6878051757812,706.8859521313074,835.1782873303493,892.1654052734375,894.5137,789.366777918527,789.366777918527
913.9595833,995.59814453125,978.9214,1036.8601239990253,758.5159482786665,915.0403482498576,966.3806762695312,804.708850723194,882.242945001068,922.5673217773438,916.9489,944.8936215949412,944.8936215949412
933.20125,997.9840087890625,980.7802,1050.6444217268822,743.6480825794905,919.0273375718295,970.6517944335938,802.9580035884941,891.2534716796436,943.4800415039062,936.71045,948.2607322241176,948.2607322241176
945.6395833,999.7686767578125,982.1015,1060.4385280072008,733.4845002708852,911.5633702496631,973.3414306640625,835.2847156428506,897.5986335315498,951.5225830078125,944.77075,955.9516670304647,955.9516670304647
931.8129167,999.6394653320312,981.9775,1060.0757833301525,733.8549969855711,911.5633702496631,973.0260009765625,827.8222140249907,786.0756496957582,835.2618408203125,821.4065,765.7014437054758,765.7014437054758
848.9366667,807.3976440429688,816.37836,901.2564489667669,964.0,761.6300852632155,813.9730834960938,731.0709151216579,766.7035551607896,840.9541625976562,833.01874,764.353002290984,764.353002290984
869.17875,801.5302734375,811.358,868.065311016797,964.0,757.7037381305873,807.670166015625,725.1438304304676,782.705580129573,848.7417602539062,838.6257,753.1194025588115,753.1194025588115
856.5758333,797.6419067382812,808.0477,846.4820027323901,964.0,730.5801146281882,802.4423217773438,715.167826718912,767.2368257819118,844.5786743164062,832.2845,757.2303222774004,757.2303222774004
854.9145833,804.6338500976562,813.9202,885.1143108380925,964.0,758.1152770111808,810.980224609375,723.522687023216,779.8006835952207,851.2992553710938,840.9174,767.8455478930842,767.8455478930842
883.88375,809.1893920898438,817.61224,910.3250658929876,964.0,763.0438295607082,815.83935546875,731.1191773676794,769.7115944930455,870.5150756835938,857.8147,769.0416840161889,769.0416840161889
818.4491667,815.0166015625,822.97046,943.6975761814816,964.0,756.7146428760552,821.9305419921875,737.3970303373914,766.2578409508494,837.8004150390625,830.54126,743.9510920888301,743.9510920888301
828.28625,815.05224609375,823.0878,941.5953600667358,964.0,762.6472576224623,822.0969848632812,739.0025388034459,766.8276658503605,840.8878173828125,834.86084,765.2365988538778,765.2365988538778
825.8220833,808.68408203125,817.1985,908.1485978306944,964.0,761.6300852632155,815.328369140625,731.2811597458544,766.6507379980593,841.78173828125,831.92883,759.5800219955681,759.5800219955681
864.9079167,815.0675048828125,822.8438,941.3837745273127,964.0,762.6472576224623,822.1173095703125,738.4955302273695,781.1499618168011,867.4887084960938,857.7819,780.169165831744,780.169165831744
864.7845833,814.1249389648438,822.3087,940.0701294109933,964.0,762.6472576224623,821.2373657226562,736.8361590798787,784.8605238978281,865.0252075195312,856.9205,778.607588639241,778.607588639241
858.2454167,809.2926025390625,817.8978,911.7760446011831,964.0,763.0438295607082,816.3035278320312,731.1191773676794,782.7737988427992,859.91015625,850.45984,773.1263596252865,773.1263596252865
833.2866667,808.463134765625,817.1674,907.4231084765969,964.0,761.6300852632155,815.3088989257812,731.1060530513854,766.983528949266,842.8267822265625,836.73584,766.761885865115,766.761885865115
801.32875,801.4664916992188,811.1857,867.1584493241747,964.0,757.7037381305873,807.3446655273438,725.3388248671057,761.0477123810138,820.5450439453125,813.55774,745.0687101197951,745.0687101197951
811.8033333,799.6658935546875,809.7521,857.3643430438557,964.0,745.2780486597833,805.0217895507812,723.8586603335725,623.9949171811616,679.3928833007812,675.9149,651.6958925247443,651.6958925247443
633.1804167,613.6889038085938,632.3744,667.391552820088,714.0,599.2097234388743,619.720703125,580.2972802594152,618.3309541209635,626.7745361328125,629.8577,606.9140853001858,606.9140853001858
645.03125,609.4124755859375,628.81714,644.5386381660105,714.0,591.4714356372698,613.5123901367188,571.1367061369634,630.4628851936004,639.5350952148438,638.06055,617.1144722297056,617.1144722297056
621.8641667,618.9552001953125,637.27106,698.7689673848133,714.0,608.92728503853,628.1485595703125,600.544640697875,605.4570444343569,637.4889526367188,637.52246,620.9406148358951,620.9406148358951
643.1358333,632.2413330078125,649.07697,714.0,714.0,619.6921698598244,648.472412109375,607.216073839349,615.4607369001623,644.833984375,649.90106,621.1325095453286,621.1325095453286
639.0583333,622.4013061523438,640.2597,714.0,714.0,607.7823431935693,633.1094360351562,601.6856949895612,622.5922466968019,640.77587890625,643.2357,617.819979280551,617.819979280551
635.2191667,620.9923706054688,639.1036,709.4699353577541,714.0,608.92728503853,631.2434692382812,600.6992471353617,628.5615489270995,637.1810302734375,640.035,619.0419786680209,619.0419786680209
642.7108333,618.5694580078125,636.8163,695.5042652913736,714.0,607.045315465319,627.6913452148438,597.2112529200253,630.2785297298888,639.355224609375,641.5521,617.5173265054777,617.5173265054777
634.4066667,616.897216796875,635.3522,686.2542760266281,714.0,600.468846688923,624.7423706054688,593.998198374333,464.0,464.0,491.34134,461.5346174209741,461.5346174209741
419.0008333,449.6135559082031,464.261,464.0,464.0,423.1277308556974,376.26971435546875,396.2793084177703,547.4875589718611,555.5907592773438,561.3386,553.7363014009428,553.7363014009428
630.12375,619.2860107421875,637.48834,699.85720141596,714.0,608.92728503853,628.4918823242188,600.544640697875,629.5741942438252,630.943115234375,632.4465,624.3481721167695,624.3481721167695
648.6795833,623.9428100585938,641.5713,714.0,714.0,603.6204874297773,635.5877075195312,601.8604114552384,621.749089070055,644.9730834960938,647.6545,625.3606361006117,625.3606361006117
635.85125,620.3616943359375,638.5292,706.0238609257904,714.0,608.92728503853,630.052490234375,600.7525679717378,627.5485791871201,637.968994140625,640.4206,619.5160473166902,619.5160473166902
637.4979167,619.2869873046875,637.53467,699.4944567389114,714.0,608.92728503853,628.4682006835938,600.544640697875,600.5762810996767,631.5943603515625,636.70966,602.841848120023,602.841848120023
630.4904167,606.86962890625,626.3325,628.7592447143855,714.0,574.3634166947247,609.3092651367188,550.5224739747509,590.0597021197564,625.0974731445312,627.20886,605.5395287912409,605.5395287912409
643.8470833,604.2777709960938,623.97955,614.2494576324316,714.0,574.411308153811,605.0634765625,546.70135490511,620.0158148111659,635.95703125,634.1003,610.0727663735921,610.0727663735921
626.2091667,613.5665283203125,632.3184,667.0288081430394,714.0,599.2097234388743,619.6367797851562,580.2972802594152,439.5366741773362,467.1515197753906,471.88718,454.15906313019235,454.15906313019235
480.9704167,424.12249755859375,448.212,437.05756597447845,482.0,438.3336167214684,410.688232421875,420.02162719442146,536.1934507974913,591.20654296875,585.8765,557.4634780197451,557.4634780197451
605.2941667,577.0239868164062,594.176,565.3118409230017,556.7807436951579,541.5954459909343,577.2446899414062,537.3083222167465,603.4971206135681,616.098388671875,609.90326,589.2494370878763,589.2494370878763
605.0841667,597.142578125,611.8102,661.5863949969332,714.0,586.7293731610486,610.0697631835938,584.1722336294015,612.7686702553478,616.49462890625,612.5716,610.725290702955,610.725290702955
610.9779167,611.820556640625,624.6885,714.0,714.0,592.2674203426956,634.2044067382812,604.8061194888444,594.2193064572025,630.2696533203125,629.88715,611.767278598437,611.767278598437
645.10125,617.2598876953125,629.8451,714.0,714.0,604.1102431128332,640.82666015625,607.7031101762796,614.8693831298393,648.7044067382812,648.48694,623.0410703222184,623.0410703222184
647.4941667,615.0955810546875,627.6177,714.0,714.0,604.1102431128332,638.6021728515625,607.2343740747524,622.5723402269148,644.4873046875,645.2062,630.8177878759737,630.8177878759737
649.4795833,605.4387817382812,619.2008,708.3804583362341,714.0,595.3995657768934,623.988525390625,601.3959200464125,631.8911333842389,640.4853515625,639.2973,629.7678731407728,629.7678731407728
629.6191667,600.0637817382812,614.2442,677.5471607870821,714.0,588.0860692722472,614.7677001953125,593.8615169199752,603.3548114302863,619.74072265625,621.7104,604.9245367935509,604.9245367935509
615.495,582.8568115234375,599.06366,581.6011937076617,612.9954414865014,550.5250462483556,585.9234619140625,541.6718756232557,583.1771238038987,612.38232421875,609.8696,593.313525964193,593.313525964193
620.12,582.5034790039062,598.91205,579.0619809683201,600.5631600464739,550.5250462483556,585.3046264648438,541.6718756232557,588.3729920566,611.559326171875,608.81213,597.063613969727,597.063613969727
601.9245833,582.8568115234375,599.06366,581.6011937076617,612.9954414865014,550.5250462483556,585.9234619140625,541.6718756232557,573.2640863124345,604.1361083984375,601.2131,561.5483325467002,561.5483325467002
597.6216667,588.0633544921875,603.63434,611.3462572256676,714.0,561.8230499582654,594.8539428710938,549.4085939671526,594.6901694658607,605.6581420898438,603.75714,558.051831363242,558.051831363242
604.4316667,592.6591186523438,607.8109,636.7383846190867,714.0,581.5763994234811,602.656494140625,572.6193600647725,604.755348727906,609.753662109375,609.29486,585.0383726365827,585.0383726365827
604.6708333,591.6514282226562,606.8174,630.0276080936832,714.0,579.088658220594,600.5645141601562,568.293145070833,579.7311606240331,605.9729614257812,605.72894,587.6993721459723,587.6993721459723
579.61625,586.7928466796875,602.5108,603.7286190076417,714.0,562.028530737135,592.63427734375,547.7104280578911,562.5328166920473,592.112548828125,590.109,562.6333798723042,562.6333798723042
601.38625,595.886474609375,610.5125,653.9687567789072,714.0,586.8269460221984,607.8148193359375,579.6533504716318,596.7775820374702,609.0742797851562,609.0024,564.7399584590917,564.7399584590917
605.31375,594.6397094726562,609.43427,646.7138632379302,714.0,586.8269460221984,605.388916015625,578.8055934641164,615.5849423779584,616.6463012695312,613.7492,600.7860467541853,600.7860467541853
600.0629167,604.6592407226562,618.2817,703.1206605190258,714.0,595.5431152931839,622.43701171875,600.753393581659,589.5147407905918,618.6309814453125,617.7184,587.1303326729319,587.1303326729319
628.2475,612.4705200195312,625.10724,714.0,714.0,592.2674203426956,635.1409301757812,605.2832908245995,599.1209282497861,640.1035766601562,639.2654,618.4372140438637,618.4372140438637
646.5620833,614.6529541015625,627.3687,714.0,714.0,607.3093924431485,638.1589965820312,607.2783349408394,476.3998120799325,482.0,490.3898,482.65443774859716,482.0
470.4016667,425.5674743652344,443.0181,482.0,482.0,437.9388792862833,460.1816711425781,431.755848116188,450.25824378774996,461.04510498046875,457.92938,450.5377563069182,450.5377563069182
441.5891667,414.7936706542969,433.88727,460.6897298058671,482.0,440.4478410002204,443.3067932128906,425.8197299349903,445.9735674794406,441.0591125488281,436.63635,450.93031900303333,450.93031900303333
444.0770833,412.77313232421875,432.13788,452.24090259716627,482.0,432.6806415944661,442.5957336425781,424.7138765605181,557.3956866181911,579.5765991210938,581.30365,558.0255049889043,558.0255049889043
613.67125,596.2120971679688,610.7454,655.4197354871022,714.0,586.8269460221984,608.1839599609375,580.5493830026963,619.0625568621371,623.445556640625,621.67834,607.345638557137,607.345638557137
617.5658333,600.8095703125,614.7539,681.5373522346199,714.0,594.3308269286991,616.1423950195312,593.5142245342367,614.0612711439131,620.2274780273438,620.2873,609.4069983571574,609.4069983571574
611.1429167,597.251953125,611.80707,662.1305120125058,714.0,586.7293731610486,610.1466064453125,584.1722336294015,590.7284830551738,613.4791870117188,614.6464,595.0908096660594,595.0908096660594
613.1475,588.8923950195312,604.2995,615.5178210117289,714.0,561.8344906999839,596.2387084960938,549.4085939671526,596.229739988692,613.22998046875,611.66785,597.3847220027899,597.3847220027899
618.7291667,588.56494140625,604.1023,613.7040976264847,714.0,561.8344906999839,595.7366943359375,549.4085939671526,595.1609393232729,613.3949584960938,612.6963,598.4036623155564,598.4036623155564
596.3829167,582.5447387695312,598.90356,579.4247256453685,602.3378312691856,550.5250462483556,585.3040771484375,541.6718756232557,533.0040276036316,590.483642578125,590.6409,532.7292482841834,532.7292482841834
590.1366667,571.3941650390625,588.99457,555.9151413920813,548.9505192285968,536.6451244120203,567.978515625,514.3480980849429,542.2158839759038,590.0735473632812,587.4086,534.8954915507085,534.8954915507085
617.2625,576.2808227539062,593.4585,563.8004836557901,555.4494301548428,541.5954459909343,575.78564453125,531.3990836458844,586.330407735539,611.5789794921875,597.0311,590.670493968509,590.670493968509
572.345,575.1092529296875,583.3278,607.628031846321,714.0,569.5216071477855,576.40869140625,547.617972242244,536.5381416186026,577.0771484375,576.6062,533.1183454957825,533.1183454957825
601.2191667,572.0092163085938,580.7523,590.3976596865009,654.6817384234536,552.8877841659363,572.4987182617188,543.0441977241509,592.0332393558232,600.4315795898438,597.0915,557.4324599162036,557.4324599162036
617.925,577.2172241210938,585.3888,619.4172338504087,714.0,570.0468605964638,579.2294311523438,564.2358556049178,582.694539185429,606.71826171875,604.52454,597.1158254496834,597.1158254496834
634.2854167,572.4720458984375,581.1724,593.1182447643677,664.4935324544539,552.8877841659363,573.033447265625,543.2781716725531,608.353106877278,617.9190673828125,611.8437,606.0441226485806,606.0441226485806
605.6766667,579.5525512695312,587.2399,631.5691805315452,714.0,572.534601799351,582.3008422851562,572.6637565470868,615.828832248499,603.7442626953125,600.282,607.6417300858819,607.6417300858819
619.93875,585.0662231445312,592.19727,663.490712111844,714.0,579.044271648117,589.9693603515625,590.4126295633763,617.8331291879275,617.4468383789062,614.9639,607.9069379762568,607.9069379762568
638.1783333,587.489013671875,594.4446,677.6377545167488,714.0,587.5027099977241,593.289306640625,596.5279625468713,629.6666604975228,628.077880859375,623.8162,616.1002305885364,616.1002305885364
631.0916667,591.4130249023438,597.85645,699.9465521552529,714.0,584.4735151662877,597.3883666992188,598.1437992279685,611.6197574916429,619.1351318359375,618.47003,618.8477208153752,618.8477208153752
636.9679167,582.993408203125,590.4069,652.6083718003783,714.0,579.044271648117,587.2011108398438,581.1166739177181,615.1515799793374,621.4423828125,618.8409,604.6758660389496,604.6758660389496
614.8416667,579.4197387695312,587.20306,631.0250635159715,714.0,572.534601799351,581.8912963867188,572.3611282986377,602.8562679207251,610.819580078125,607.88336,600.8907551129938,600.8907551129938
613.8079167,581.0852661132812,588.8391,641.7260314889128,714.0,577.7851483980684,584.5149536132812,576.0676943811605,590.483042836918,608.444580078125,607.7465,599.0877486115755,599.0877486115755
626.6708333,573.8163452148438,582.20544,600.373138305344,690.7838066463308,552.6937441287852,574.9749145507812,544.5756222953617,592.6456097665898,612.524169921875,609.2569,601.2475313624606,601.2475313624606
625.8079167,570.8411865234375,579.6128,583.8682554996216,631.2381599492736,552.9727279493385,570.8648681640625,537.887723498937,565.1651075649701,608.0029907226562,605.2375,563.3191018523486,563.3191018523486
617.7033333,562.3704223632812,572.1504,552.3121038427721,535.9129602883175,532.4546994197356,559.7384033203125,529.8535863471336,546.3838396706237,598.4908447265625,594.7249,544.816633026528,544.816633026528
599.3691667,555.4671630859375,565.92566,541.2069134880483,526.4959491637718,527.9913034406294,551.7976684570312,510.8200747225939,250.0,250.0,260.366,227.85651423543345,227.85651423543345
217.50625,194.40638732910156,203.43951,197.34283621593315,205.09348253753285,186.98670493578308,185.51686096191406,180.16711875392122,203.3273436664759,218.7710418701172,207.65349,193.29708056218115,193.29708056218115
176.59,194.51730346679688,203.4907,197.51915749878546,205.1702089010513,186.98670493578308,185.57711791992188,180.16711875392122,173.51842551416516,191.0718536376953,186.38867,169.77111121085633,169.77111121085633
148.205,192.00750732421875,201.6551,193.60482501946427,203.74149636589152,187.76076275735394,183.5933837890625,181.02552371809998,150.74739956539773,169.4421844482422,169.2309,160.31843041525818,160.31843041525818
159.29,188.03468322753906,198.74849,187.29252309335178,202.64909074198738,187.5905646905232,180.02708435058594,181.10444061532652,0.0,0.0,21.986214,13.152615365299324,0.0
206.305,0.0,31.320356,0.0,0.0,0.0,0.0,0.0,147.32813667969387,201.2938995361328,165.42783,187.3107988747702,187.3107988747702
187.815,185.12017822265625,207.758,205.45917672451583,196.09329673159698,173.10525348259338,168.09877014160156,174.4190746482004,176.2431147412138,198.72943115234375,187.63051,162.0876436514951,162.0876436514951
188.545,181.98092651367188,205.79053,200.83955911378544,191.19702290306566,173.29697040833162,167.3970489501953,174.4190746482004,178.52727483830708,196.90789794921875,185.54736,166.51130211921037,166.51130211921037
191.975,176.45921325683594,201.88649,192.23508051059298,184.2128113295788,177.37249599823167,165.74124145507812,175.6603925983736,183.38665542104076,196.02565002441406,183.1941,179.4541348376459,179.4541348376459
194.745,171.4188995361328,198.44626,184.47694406509157,180.2980690901394,172.93375235152294,164.19329833984375,174.73801972332308,179.3978970875135,196.09548950195312,181.19814,187.93736091182342,187.93736091182342
183.535,172.07073974609375,198.95735,185.5348717622054,180.69886234112857,172.93375235152294,164.36399841308594,174.9723407127372,177.93928167623739,191.041259765625,176.7007,183.19934482393433,183.19934482393433
184.585,176.4897918701172,201.99287,192.41140179344526,184.32803969862618,177.37249599823167,165.76620483398438,175.6603925983736,182.6295503259119,192.330810546875,180.04164,173.6181996988287,173.6181996988287
186.94,173.2689208984375,199.77788,187.36861310386934,181.49309033533166,172.00231159203744,164.7434844970703,175.76505052451913,416.6505565461823,427.2174072265625,430.91702,488.65459252763895,488.65459252763895
350.5325,529.8473510742188,539.8514,503.4289201805693,545.0130902563859,492.09815335049643,554.3866577148438,522.6451733947681,462.5138827130626,453.96490478515625,462.06958,487.8163234851832,487.8163234851832
499.6154167,532.7384033203125,542.2112,507.8972807966717,545.022195011942,495.6501896548381,555.7235717773438,523.0375301235206,385.03129190843686,379.7173156738281,367.95654,381.7756598949507,381.7756598949507
365.10375,354.5738830566406,370.34857,336.7481657264893,354.6973138392758,349.5415324431084,355.3204650878906,341.0648576647193,352.1443252004559,344.04925537109375,340.83405,353.443343314838,353.443343314838
356.5970833,354.4830322265625,370.35123,336.5510321698963,354.6765376496395,349.73333421764886,355.2976989746094,338.5741080722871,351.8859163920513,343.71722412109375,336.83286,354.7744090369921,354.7744090369921
360.5620833,344.5267028808594,353.18643,325.3069338572731,344.22599910104407,346.3893128614807,352.23199462890625,336.00110591148666,354.3337258987155,343.9441223144531,341.72177,357.3274883033959,357.3274883033959
363.4516667,348.48681640625,356.54385,331.483785297179,345.3444615631423,348.7878657716405,353.6978759765625,340.85720411306346,353.7515078666039,347.0325927734375,345.41064,365.7588858645729,365.7588858645729
370.2229167,352.0809326171875,359.72083,337.3320808094297,346.827759667476,341.5826242243077,354.736572265625,339.721300277123,482.642875780326,514.2509155273438,508.8226,524.0267518334002,524.0267518334002
517.81625,527.3336181640625,527.3472,504.6699471188191,525.0802408106327,520.1497833683497,520.4773559570312,522.6561714743484,499.6518297470294,516.8463134765625,517.7128,533.6392418647151,533.6392418647151
579.0708333,523.2676391601562,523.99316,498.4273844933824,524.2832159047874,490.313582780853,519.7029418945312,522.6561714743484,518.8393631080114,523.3631591796875,518.9129,528.6552876334927,528.6552876334927
579.3520833,534.828369140625,525.7314,505.0856865948672,544.4350659172968,524.9165803810689,543.4065551757812,525.7557876545239,411.53600715306055,371.3826599121094,382.1733,395.54920863618077,395.54920863618077
364.8579167,364.82513427734375,370.55264,357.0454364687036,354.86804834048314,347.0063326310966,358.8772888183594,354.7700221541647,357.938227145763,357.4840087890625,358.56607,366.2570375066901,366.2570375066901
357.8979167,372.7319030761719,377.18097,369.20200579192147,362.16384894315877,351.22397357322046,362.5915832519531,356.8547757636859,353.25479664999875,354.5758972167969,357.88965,354.77085382537837,354.77085382537837
361.0866667,370.0123596191406,374.9161,365.25933466006774,359.60224440768786,348.82756165131974,361.08447265625,356.5509894237754,355.7814005476011,356.9595642089844,359.41064,349.71925044045213,349.71925044045213
362.8525,372.3851623535156,376.93854,368.7420274932055,361.855329346722,350.6806260787902,362.2551574707031,356.8547757636859,355.6594637250144,354.56707763671875,358.04333,366.2846992928089,366.2846992928089
356.6658333,365.7576599121094,371.3363,358.6225049214454,355.71386104972305,346.7692416417189,359.1570739746094,356.7679642484652,356.6578649546341,351.7926330566406,353.9279,352.5025654304816,352.5025654304816
361.3266667,366.1307373046875,371.60846,359.1481944056931,356.00246823643545,346.7692416417189,359.36383056640625,356.7679642484652,494.2476334495805,517.8807373046875,515.5373,514.1744459094576,514.1744459094576
491.3904167,540.496826171875,537.8919,524.7118587057473,530.8175995814034,510.66574122920963,522.8203125,515.4705752327081,510.659742973285,514.329833984375,518.5116,511.15353601431696,511.15353601431696
527.8733333,541.7093505859375,538.9303,526.2889271584891,531.4747798764773,510.88940179533773,523.043212890625,515.3822165817546,506.7347396656366,532.2094116210938,534.9621,531.6443421644323,531.6443421644323
528.4754167,539.7559814453125,537.3037,523.3319238095986,530.267187088977,510.66574122920963,522.9017333984375,515.4705752327081,494.2152005345253,529.4248046875,532.26733,530.020093010781,530.020093010781
534.0866667,532.5960083007812,531.435,512.4238670114668,526.7250505506917,482.59517238355363,521.6129150390625,511.16364534494204,496.79334081338413,527.67626953125,529.0378,535.6076296844992,535.6076296844992
548.4220833,524.1693725585938,524.7229,499.7416082040007,524.4119308348899,490.313582780853,519.8084716796875,522.6561714743484,512.331854356345,539.1376342773438,537.17834,528.3991040475531,528.3991040475531
610.5129167,533.5025024414062,532.17456,513.7380907220852,527.0757386704962,474.2764987032474,521.6907348632812,511.16364534494204,631.7500225068721,645.471435546875,649.0691,611.2437195775303,611.2437195775303
622.6358333,715.9127807617188,709.63464,677.653037011072,641.2440781938147,627.6848706288162,639.6369018554688,630.6341322727905,639.416674804871,665.1595458984375,662.5072,658.9311639659421,658.9311639659421
628.5516667,724.2734375,716.94073,690.5324293751305,648.1683017368586,655.4189897215016,649.2398681640625,649.6191444227429,541.0265560991328,558.3241577148438,544.1529,553.6605219984331,553.6605219984331
497.9829167,537.7196044921875,535.734,520.3092092751762,529.1418175649077,485.4687928135601,522.6048583984375,515.971560816794,377.63640997101425,382.5032958984375,373.62766,410.8575222470093,410.8575222470093
357.4933333,363.9890441894531,369.75815,355.6655015725544,354.15258248565976,346.7847445581152,358.4892578125,350.4864557169354,349.29434420441913,347.8627624511719,350.08398,353.96630076222067,353.96630076222067
346.0191667,359.9161071777344,366.30762,349.42293894711764,351.20305740556057,345.94269497340986,357.0534973144531,348.3758579310704,348.67566437032184,345.21795654296875,346.84235,348.1515935598447,348.1515935598447
351.0525,362.98480224609375,368.93198,354.351277861936,353.4925500502949,345.52326316042775,358.0632019042969,344.81689078995447,350.1102524985401,344.90472412109375,347.422,348.3203279959209,348.3203279959209
342.6675,357.5412292480469,364.2643,345.61169018632467,349.6334907445015,350.30120762830063,356.2543640136719,348.53002827788566,345.1477120110889,338.1849060058594,340.4212,334.79643826059373,334.79643826059373
345.7270833,351.8211364746094,359.4953,336.8063913251829,346.6775470328429,341.5826242243077,354.8215637207031,340.91195381567627,342.15500100601923,338.2372741699219,338.83743,349.6253640422328,349.6253640422328
339.4020833,349.4274597167969,357.48978,333.1265649354521,345.71943322797495,348.7878657716405,353.9923095703125,341.57725895556445,325.53919568702423,332.6612243652344,333.5881,340.35370756554033,340.35370756554033
347.56125,343.8313903808594,352.62546,324.4526884453716,344.10755811131446,337.0819031400071,351.72442626953125,335.94882983320787,327.97065286416455,332.4797058105469,331.97702,340.1801681676659,340.1801681676659
349.8420833,336.78265380859375,346.6859,313.2160757195852,343.36934116455893,314.57074669376686,348.9169616699219,334.557961649773,354.15900249386004,342.0278015136719,338.0139,350.46365149714495,350.46365149714495
307.2004167,354.7663879394531,361.8254,341.3404631268152,348.0827888886414,338.91273712307833,355.52203369140625,343.7228408074623,308.8736421777625,319.4759826660156,323.2107,319.88948466544275,319.88948466544275
296.0166667,336.63134765625,340.27045,309.5871051805063,335.006125605002,327.4654667661001,347.3170471191406,334.582252536754,316.45580378991923,321.1246032714844,323.08508,324.9085245631423,324.9085245631423
263.3779167,354.6394348144531,355.82443,337.9743373298598,342.02137525835303,361.83482163070676,356.7686767578125,344.9743679881278,328.65397493546425,311.8558349609375,320.00424,311.09591722445816,311.09591722445816
282.2295833,363.1376953125,363.08688,351.24799680710396,348.6382341323823,353.5242141008051,359.0755310058594,354.59951236847064,316.477866712852,317.4722595214844,326.94598,298.80079149170393,298.80079149170393
278.31625,356.9792785644531,357.73254,341.457030162998,343.5517397430675,354.62376162567546,357.5242919921875,349.81713939616355,322.61468317471883,316.909423828125,324.7493,296.2925867912662,296.2925867912662
230.7,359.9241027832031,360.2768,346.1882355212234,345.8652041796703,351.77571391370475,358.2334899902344,349.80601157066496,0.0,0.0,-9.021241,3.999493594686103,0.0
0.0,0.0,5.200213,0.0,0.0,0.0,0.0,0.0,0.0,0.0,6.345025,0.0,0.0
0.0,0.0,-0.12590447,0.0,0.0,0.0,0.0,0.0,0.0,0.0,2.6127982,0.0,0.0
0.0,0.0,3.6010032,0.0,0.0,0.0,0.0,0.0,0.0,0.0,5.2527294,0.0,0.0
0.0,0.0,1.5924464,0.0,0.0,0.0,0.0,0.0,0.0,0.0,3.7692206,0.0,0.0
0.0,0.0,1.566178,0.0,0.0,0.0,0.0,0.0,0.0,0.0,3.6052783,0.0,0.0
0.0,0.0,-2.6649952,0.0,0.0,0.0,0.0,0.0,0.0,0.0,0.6115775,0.0,0.0
0.0,0.0,0.010078599,0.0,0.0,0.0,0.0,0.0,0.0,0.0,2.569551,0.0,0.0
0.0,0.0,-0.71612346,0.0,0.0,0.0,0.0,0.0,0.0,0.0,2.0249476,0.0,0.0
0.0,0.0,-0.23381707,0.0,0.0,0.0,0.0,0.0,0.0,0.0,2.3847141,0.0,0.0
0.0,0.0,0.52789414,0.0,0.0,0.0,0.0,0.0,0.0,0.0,2.884557,0.0,0.0
0.0,0.0,-0.8985685,0.0,0.0,0.0,0.0,0.0,0.0,0.0,1.7679486,0.0,0.0
0.0,0.0,-2.914829,0.0,0.0,0.0,0.0,0.0,0.0,0.0,0.37125796,0.0,0.0
0.0,0.0,-1.3823199,0.0,0.0,0.0,0.0,0.0,235.80117684559616,257.8926086425781,272.5203,361.2954253297783,361.2954253297783
264.11125,354.61712646484375,355.8176,337.7772037732672,341.93912778969377,361.83482163070676,356.82354736328125,345.8572942584036,314.8959616524865,308.5608825683594,317.19397,293.7859243472591,293.7859243472591
335.4945833,355.5491027832031,356.53745,339.354272226009,342.61023834737887,356.40238139234805,357.1079406738281,349.89983762401835,346.3137858234346,338.769287109375,342.81247,340.5504970001113,340.5504970001113
355.1625,354.1422424316406,355.46414,337.1858031034887,341.69519912837575,352.7427846394638,356.60125732421875,337.24455454153843,347.1366173856476,343.5199890136719,346.36932,345.9649242461302,345.9649242461302
356.3325,346.6162414550781,348.83438,325.4235008934554,337.72047107951664,349.51932972229304,353.8580017089844,341.2335713782754,354.5767116384481,343.6204833984375,344.51132,350.9407866400328,350.9407866400328
352.5433333,346.10107421875,348.37897,324.4378331104918,337.46320809668384,347.0236572675046,353.72314453125,341.1414044311429,343.61179831990256,340.0032043457031,341.10153,351.07221547816084,351.07221547816084
346.0466667,342.0138854980469,344.91827,318.1295592995247,336.09434781285916,337.0595604569785,351.7425231933594,335.71456746444676,345.4512089824053,336.42364501953125,337.3089,344.2453988893111,344.2453988893111
349.4079167,340.8615417480469,343.89856,316.22393491912817,335.7752807538435,337.6792174474734,350.6952209472656,335.48436033245645,346.990083284039,337.6891174316406,337.9255,348.0443453419425,348.0443453419425
355.1133333,340.53448486328125,343.56772,315.6325342493496,335.68517013383996,337.6792174474734,350.4883117675781,335.48436033245645,348.896305053453,340.5034484863281,340.1795,342.9219184827446,342.9219184827446
361.7820833,341.30389404296875,344.21997,317.0124691454988,335.9019936513813,337.0595604569785,351.09112548828125,335.48436033245645,352.25426910582513,345.3218688964844,344.6084,355.86267406051803,355.86267406051803
296.3625,345.429443359375,347.92032,323.58358769859024,337.2497302065311,346.4164292214156,353.4596862792969,340.4516303195265,202.03549580783888,171.00955200195312,169.71938,221.68511091444282,221.28688499999998
192.3920833,169.10223388671875,176.03584,161.0237085919454,193.38909508409768,181.11097889957495,184.84335327148438,193.79753991541656,309.00071816261686,312.5774841308594,316.64203,322.0028824103797,322.0028824103797
353.4554167,356.64404296875,357.45377,340.93134067875087,343.31136218141717,354.62376162567546,357.44952392578125,349.81713939616355,355.54577586449415,347.8883056640625,350.7038,354.6972526955456,354.6972526955456
351.0729167,356.8605041503906,357.62103,341.3913189774672,343.52151017552376,354.62376162567546,357.5862121582031,349.81713939616355,355.92799467007643,352.7487487792969,356.86038,354.89297131512865,354.89297131512865
333.46625,367.5498352050781,364.85727,348.6217790521326,348.45522462238375,361.96063657832235,361.5065612792969,349.6891194948459,345.9469196182299,345.6962585449219,351.041,370.233963157809,370.233963157809
336.015,365.2404479980469,362.8856,344.81053029133915,346.3229504474747,361.38434458665125,360.0735168457031,349.8395523747152,348.0323366988284,347.6681213378906,352.0728,344.911701200112,344.911701200112
351.645,367.1652526855469,364.61758,348.03037838235446,348.11286503443705,361.96063657832235,361.20819091796875,349.6891194948459,355.46138381450834,353.2734069824219,357.2249,356.5274428056561,356.5274428056561
351.59375,364.80865478515625,362.4922,344.15341843602965,345.9730331391073,364.5353533627706,359.80078125,349.91102449367554,357.4617130123869,353.4810485839844,356.87097,359.8047593603705,359.8047593603705
346.09125,365.5880126953125,363.22525,345.46764214664853,346.6780783940893,361.3130566649449,360.04833984375,349.98593157645735,353.69238266321116,351.76727294921875,355.5921,362.54850511144116,362.54850511144116
357.3033333,366.63934326171875,364.1131,347.11042178492113,347.5886948030055,362.8428219652648,360.75335693359375,349.9690109668997,360.70092875463024,356.90716552734375,360.2725,353.8177301029822,353.8177301029822
352.12125,367.1652526855469,364.61758,348.03037838235446,348.11286503443705,361.96063657832235,361.20819091796875,349.6891194948459,354.77229334847215,351.65948486328125,356.08905,353.01930145867226,353.01930145867226
365.09875,361.1036376953125,359.2539,338.23941173824807,343.0582560853735,361.24138931123986,358.4269714355469,337.51784700049814,364.1360837210568,355.82891845703125,357.91818,373.37983427276924,373.37983427276924
356.9225,358.5930480957031,357.12668,334.23102942086257,341.3226609160655,349.88125208725074,357.5674743652344,338.58892398023545,353.8161753465744,355.1573181152344,356.75885,356.17831781667627,356.17831781667627
361.08,364.80865478515625,362.4922,344.0877072504993,345.9383279933753,364.5353533627706,359.80078125,349.91102449367554,368.63851805677587,360.06817626953125,362.59476,351.8826663284875,351.8826663284875
365.9304167,370.821044921875,367.78983,353.68154033801255,351.55682532967865,365.43411831288876,364.78656005859375,361.8050226147564,0.0,0.0,37.82175,103.04914009096488,0.0
0.0,0.0,8.17064,0.0,0.0,0.0,0.0,0.0,0.0,0.0,9.805457,100.78201171729921,0.0
0.0,0.0,6.219557,0.0,0.0,0.0,0.0,0.0,0.0,0.0,8.419147,100.78201171729921,0.0
0.0,0.0,6.5482774,0.0,0.0,0.0,0.0,0.0,277.81736869201353,260.405029296875,280.35196,343.7888310380341,343.7888310380341
263.7816667,361.3848571777344,359.45554,338.5679676659028,343.20911553762005,370.33342630248274,358.5057373046875,345.23987403157105,303.12974306617906,310.4642028808594,319.4438,265.7737739444383,265.7737739444383
368.8616667,354.2876892089844,353.33447,327.462777311179,338.83215630122584,355.1125837726494,355.9142761230469,338.00153300761997,361.00365958062986,357.7562255859375,357.75568,367.8121414071602,367.8121414071602
358.7804167,360.0615539550781,358.36078,336.59663209997547,342.32349871760186,349.50776752686846,358.0741882324219,343.3771190034157,362.5942040415333,354.5721130371094,356.4186,345.966133241095,345.966133241095
360.1533333,361.7585144042969,359.78296,339.29079070674265,343.5455916942318,368.17671868201955,358.60003662109375,349.64256559575915,363.91158621896335,357.3146057128906,359.19156,350.56810630898764,350.56810630898764
362.6345833,365.9408874511719,363.52487,346.0590428164266,347.0021486417544,361.3130566649449,360.2711181640625,349.98593157645735,363.22848593611843,358.96258544921875,361.99512,376.1091916665979,376.1091916665979
354.4454167,366.8922119140625,364.34027,347.373266527045,347.73741559862344,361.96063657832235,360.7768249511719,349.9690109668997,355.9354576217531,354.4114074707031,358.08823,357.51074032826597,357.51074032826597
367.11875,364.7129821777344,362.3649,343.95628487943753,345.8690740210585,364.5353533627706,359.73504638671875,349.91102449367554,365.05102428513027,359.3084716796875,361.6009,367.3606748680071,367.3606748680071
355.5554167,363.7369384765625,361.58417,342.5106387977575,345.12103641057627,370.88860808470395,359.4544982910156,349.91102449367554,367.44793780225274,358.9230041503906,361.34262,352.8683179133105,352.8683179133105
331.2679167,373.6046142578125,370.2331,358.0841897685837,354.50698193979304,366.1371719303672,367.4778137207031,361.92378401109147,349.01102871244115,346.091796875,352.98914,338.6873049399796,338.6873049399796
341.4145833,367.4412536621094,364.842,348.4246454955395,348.34063580229474,361.96063657832235,361.4270324707031,349.6891194948459,340.4486961080347,346.9539794921875,351.9611,336.75607695580493,336.75607695580493
337.1116667,360.78802490234375,358.9198,337.71372225400086,342.81959049367276,361.24138931123986,358.2414855957031,336.11143659088947,348.2597901676571,344.68756103515625,348.31207,338.7323113565097,338.7323113565097
352.8479167,360.7811584472656,358.90665,337.58229988293914,342.76044515957335,348.5036670379705,358.177734375,337.3573400976595,358.7194266719774,354.5211181640625,356.77112,353.7964635017393,353.7964635017393
355.8825,367.0171813964844,364.48056,347.7675336402301,347.9620599835215,361.96063657832235,361.0295104980469,349.6891194948459,359.74107882971623,354.86834716796875,358.40216,358.2321576066302,358.2321576066302
364.7645833,364.13800048828125,361.92007,343.23346183859775,345.49190277966943,366.19958497609906,359.60198974609375,349.91102449367554,363.7064938400113,357.6512756347656,360.10886,368.3481030677897,368.3481030677897
360.1475,362.3948059082031,360.39532,340.2764584897063,344.01458356147384,365.63854081903656,358.9591064453125,349.91102449367554,360.65294069636667,353.1868591308594,355.83652,349.47805050249974,349.47805050249974
364.6629167,357.2678527832031,355.97528,332.2596938549352,340.5402147335161,349.6657210357554,356.9228820800781,335.9864862587809,355.54854526568914,354.6307678222656,355.82944,368.27111408821565,368.27111408821565
364.9241667,356.77386474609375,355.48663,331.4711596285641,340.24036706890354,349.6657210357554,356.76141357421875,337.84041086151336,367.74607679872156,365.6883239746094,369.28436,364.1513874556855,364.1513874556855
346.5354167,386.2257995605469,383.6468,364.0379746621255,360.2629554975209,371.2913453065828,384.6001281738281,373.60521498047416,354.1661439648317,360.0549621582031,364.29608,361.55416335802715,361.55416335802715
355.2495833,381.2387390136719,379.07266,355.626942914168,354.7316983396962,366.9505666249369,379.528076171875,366.2547830235314,347.23494386053153,357.4387512207031,360.50763,360.7021003387688,360.7021003387688
447.9120833,368.3763427734375,367.72287,335.51932014170904,344.9685047116176,355.55352431427417,375.0550231933594,359.4996586514156,488.84192687270996,518.0658569335938,516.9865,518.2234946154985,518.2234946154985
495.9595833,543.0907592773438,531.48315,502.06865222472777,529.1048150517926,484.8745983382737,548.9170532226562,502.4317110557251,506.1260742806894,517.26025390625,511.95923,521.5678455930598,521.5678455930598
489.4766667,546.68408203125,534.4601,507.52268062379335,530.5449071698748,512.8434823858814,551.041748046875,502.4317110557251,416.1450284994226,395.7431945800781,376.55814,398.3063835396175,398.3063835396175
361.7270833,377.40496826171875,375.78632,349.7786474019173,351.3889113803556,375.0190096740141,377.4479064941406,367.1267042956995,365.066637725694,363.1454772949219,364.54483,360.25992498145285,360.25992498145285
409.1958333,376.95928955078125,375.36887,348.9901131755466,350.96977499973843,370.1427737668172,377.4075927734375,368.6603809646502,396.7079695269298,384.2064514160156,382.5586,383.4685898706289,383.4685898706289
392.0220833,376.7371826171875,375.12775,348.59584606236064,350.7630205540844,370.1427737668172,377.2493591308594,368.73056432359823,389.035308647079,375.71466064453125,375.09857,384.78732603089287,384.78732603089287
428.2304167,374.33990478515625,373.0614,344.9160196726298,348.9237690748031,367.52424202569307,376.7154846191406,360.76171128733216,497.88560903475627,521.04541015625,520.40643,523.5672528452798,523.5672528452798
474.38625,543.5905151367188,531.93115,502.7914752655681,529.2750365062128,513.2552423451324,549.2427368164062,502.4317110557251,498.1516778683293,508.08917236328125,504.24585,518.2443650836909,518.2443650836909
467.6091667,546.3445434570312,534.1615,507.12841351060877,530.4287675508266,512.8434823858814,550.8819580078125,502.4317110557251,484.56736736328224,503.8105163574219,500.98236,508.2485808529236,508.2485808529236
502.2345833,541.7635498046875,530.2263,499.7030495456148,528.5918086551545,479.53169439840906,548.1378173828125,502.4317110557251,416.4143700334003,397.7304382324219,376.7446,411.0951110108262,411.0951110108262
350.6120833,368.6411437988281,368.09933,336.0450096259567,345.1616407958444,358.2861707434807,375.17425537109375,359.4996586514156,351.5899264100434,353.9189453125,354.25516,361.0176818840002,361.0176818840002
340.6208333,368.6079406738281,367.99158,335.97929844042636,345.13731641297534,358.2861707434807,375.0263671875,359.4996586514156,347.34242159517663,352.7548828125,353.32272,346.54583684786877,346.54583684786877
354.8783333,373.18609619140625,372.06436,343.0103952922333,348.0355206752487,355.7906202413217,376.4869689941406,365.508531489554,367.6107591311059,365.2912292480469,365.38354,354.322259783773,354.322259783773
352.0720833,386.1671447753906,383.56802,363.7094187344709,360.0308680521547,371.2913453065828,384.4665222167969,373.60521498047416,349.7235906999694,360.8191833496094,364.96533,356.0541919210542,356.0541919210542
358.8979167,378.10662841796875,376.36362,350.83002637041176,351.95943171754004,369.7768215218467,377.6864013671875,367.21922725491805,369.12875652329353,367.5435791015625,368.6272,361.30364765713523,361.30364765713523
358.8945833,386.7481689453125,384.15234,364.7607977029649,360.7781332389885,371.2913453065828,385.15985107421875,373.60521498047416,369.02329869162594,370.1367492675781,373.3011,364.5493866875004,364.5493866875004
354.5508333,391.13543701171875,388.01843,371.52904981264936,365.9079868447542,375.92007673000415,389.20220947265625,376.34012120147025,361.8614009073833,366.9258728027344,371.60217,344.05126654551117,344.05126654551117
368.5125,387.7358093261719,385.0426,366.403577341238,361.9724396144737,370.78233825103354,386.02008056640625,375.2603274203749,374.9924014867343,375.7616271972656,378.45895,370.62313094484915,370.62313094484915
389.0216667,394.21026611328125,390.72086,376.65452228406025,370.16054930653434,380.6068449840257,392.0399169921875,377.454421797224,399.21565465721363,391.6740417480469,393.66733,389.2237491222424,389.2237491222424
375.8783333,408.6054992675781,403.4784,427.0021166739251,464.0,393.62838882129273,403.6291198730469,380.6080604500515,380.7886479688414,384.8554992675781,392.28754,367.19318261544686,367.19318261544686
383.3266667,402.8551940917969,398.35397,393.8109787239556,393.60801488729965,390.63205374927884,398.7551574707031,376.2522914241397,379.6561596070094,382.7068176269531,388.36856,399.7154336444994,399.7154336444994
375.9583333,393.0871276855469,389.69855,374.68318671813245,368.4874317642515,381.51642436445144,390.9956970214844,377.1487086819425,363.1381544676054,373.9244384765625,377.97906,361.37641136787164,361.37641136787164
385.2420833,382.6752014160156,380.5074,358.1896791498739,356.32657262803684,369.99004299761805,381.0762634277344,368.07383361506896,378.87422036278593,371.3881530761719,373.2958,387.84207873801535,387.84207873801535
371.1341667,385.3622131347656,382.8941,362.5266173949142,359.20613927003103,370.58829168910444,383.7101745605469,373.5282600009039,372.2429419921387,373.36669921875,375.40347,372.1040903352633,372.1040903352633
370.87125,386.9255676269531,384.2265,364.95793125955794,360.9197304934231,371.2913453065828,385.1472473144531,373.75069928904657,371.6151104465523,376.2463073730469,378.56006,369.75698988145496,369.75698988145496
396.795,392.834228515625,389.4148,374.35463079047815,368.21313814901066,381.51642436445144,390.71331787109375,377.1487086819425,399.9648549164728,392.8391418457031,394.58228,379.02026324436383,379.02026324436383
362.41,403.6076354980469,398.9969,397.98254251001686,403.8171499366589,391.75615574159934,399.4754943847656,375.9878268892129,379.0890681748266,380.8200378417969,386.80963,401.08743241083255,401.08743241083255
364.4916667,408.3885803222656,403.25317,425.5511379657296,464.0,393.62838882129273,403.404541015625,380.3383428904453,378.24161599437997,385.8746337890625,398.29745,394.6468103401044,394.6468103401044
395.22125,431.5982360839844,429.38763,464.0,464.0,387.75731938506897,409.7310485839844,380.6503118107298,410.2444323799797,402.76873779296875,409.30463,398.00928212745123,398.00928212745123
389.5604167,427.2049560546875,425.6937,446.95431690198575,464.0,383.6548991330639,405.97967529296875,374.27152898556,408.76526086904084,399.1001892089844,404.65796,398.1358459439873,398.1358459439873
528.3420833,425.8394470214844,424.27762,438.6111893298618,464.0,380.48615925308843,404.7554931640625,367.93732907032125,571.7625361436965,565.7824096679688,560.40686,558.90884532482,558.90884532482
606.09125,603.9629516601562,598.72,607.912259842082,714.0,558.4722356687765,575.2362060546875,550.7435285939624,586.0427529908236,603.2561645507812,601.093,594.7671412518824,594.7671412518824
764.00125,602.504638671875,597.44727,599.7505046084825,693.3968026509991,558.5201271278628,574.2406005859375,548.0653065835975,737.3048731720114,779.2943115234375,765.533,718.9329010302457,718.9329010302457
824.5375,780.6888427734375,762.2843,744.5615825396684,737.014453439116,692.784128394876,730.775146484375,673.7683274501961,758.7868468301132,797.6697998046875,784.8178,731.7367038978454,731.7367038978454
897.9883333,781.5357055664062,762.8706,749.6400080183523,746.1674882635924,691.903085214295,732.1011352539062,674.9395313470282,893.063081246361,914.62890625,913.13855,942.46512924524,942.46512924524
933.5208333,965.02978515625,924.20197,948.9237812456386,0.0,836.2159390474341,853.6971435546875,724.1449871743964,909.3698879906249,926.4111328125,922.1356,959.2891369856416,959.2891369856416
920.6866667,972.0407104492188,930.37213,990.2766744292069,0.0,828.626251657141,861.7123413085938,720.3204963026258,759.0482842687387,822.2839965820312,811.1086,761.5589877861306,761.5589877861306
770.8008333,779.1409301757812,744.6171,797.5785722473368,0.0,706.5618530296695,691.6959228515625,687.9659023739677,695.3426383691018,742.2875366210938,747.5764,702.3019182378683,702.3019182378683
757.8295833,760.3448486328125,729.32965,716.1583590625595,720.9653984770056,685.5944106574898,659.4786987304688,654.9702186668048,684.6354562823368,738.3329467773438,737.401,712.7932542727217,712.7932542727217
802.84,769.6931762695312,737.2322,744.7992217367296,630.840352564527,692.5145391065093,674.0173950195312,672.8434569809159,726.2762027467745,764.4283447265625,763.6357,736.7917154494763,736.7917154494763
790.65625,779.7597045898438,745.18097,801.7501360333981,0.0,706.5618530296695,692.758056640625,688.0083758547463,708.065242984007,759.6366577148438,763.14276,736.1754534012834,736.1754534012834
799.1204167,774.9408569335938,741.4249,774.3629129162108,493.6285617454895,704.3638379301373,683.6054077148438,685.6453947379672,716.2637249746705,763.95751953125,765.9432,739.9255631650649,739.9255631650649
733.4533333,777.8455810546875,743.6763,790.5050510448843,0.0,706.5618530296695,688.9282836914062,687.7962727918585,801.1273900683016,807.6502075195312,814.8917,728.103301371827,728.103301371827
848.2591667,964.4730224609375,923.9408,947.1100578603939,0.0,836.2159390474341,853.0306396484375,724.1449871743964,816.2124388624808,865.8583374023438,865.64,900.2245827283324,900.2245827283324
889.1275,959.3163452148438,919.1818,915.1885262800953,686.2706264823581,843.3171207658503,847.4586791992188,723.2645482863987,733.2688364043665,792.3429565429688,786.4474,722.0492375708442,722.0492375708442
826.9854167,787.0799560546875,764.9757,747.1617890177824,655.629728700137,684.832694533387,730.0619506835938,680.6518058294279,733.0955700162651,796.7130737304688,805.1054,734.5816991232746,734.5816991232746
801.7358333,789.040771484375,766.8622,758.7696186833456,630.5371522474242,684.7477507499847,732.7982177734375,663.7160769589403,428.3855535638514,500.0,494.9649,437.53869338863825,437.53869338863825
397.825,422.0610656738281,411.10114,383.0645300460418,408.88475951217026,405.9859809735302,349.4165344238281,408.42504354582553,399.27894520720463,408.7544860839844,412.38434,406.82993378229713,406.82993378229713
457.36,421.6391906738281,410.7615,382.21818788835077,406.8248389948179,404.4812907229123,349.39111328125,408.23702738736677,440.6635375610466,442.3681945800781,443.51562,415.83338106119623,415.83338106119623
458.415,415.93896484375,406.13873,372.7673671274672,385.6488503132713,404.2379259947914,348.8778381347656,394.2326124737749,438.31587336105827,441.9154357910156,439.8693,419.2702230159492,419.2702230159492
441.805,418.27117919921875,408.20197,376.6816996067884,394.01276461175496,404.53101131130984,348.9066467285156,400.6523392716662,431.0338028291082,432.30572509765625,432.18695,418.9913258737376,418.9913258737376
460.125,419.22601318359375,408.9745,378.44491243531144,397.96817667178436,404.1752650479822,349.2079772949219,401.0659600255837,444.75255066706745,444.865478515625,443.81165,418.7669593050727,418.7669593050727
456.26,419.8598937988281,409.53604,379.64389715870715,400.72451452779944,404.09032126458,349.3770446777344,401.2655503473641,446.9130306848478,442.5343017578125,442.51755,416.5791170710387,416.5791170710387
445.715,419.20611572265625,408.8772,378.3743839221705,397.8077195959314,404.1752650479822,349.1674499511719,401.0659600255837,442.65808611169376,436.6181945800781,436.48972,419.5215170759767,419.5215170759767
419.365,421.48956298828125,410.6617,382.04186660549846,406.39907311672926,404.4812907229123,349.4747314453125,407.72812498939726,411.5107501217832,422.4077453613281,424.8572,407.46239345159813,407.46239345159813
448.54,420.5545654296875,410.2161,380.7723533689619,403.368007918814,404.09032126458,349.42010498046875,402.41646264294553,443.61784698018874,440.5043029785156,439.67233,421.45373204054243,421.45373204054243
455.39,425.592041015625,414.10834,389.271039202443,424.8123942384532,405.9859809735302,349.8788146972656,411.20862498385964,438.50730705993067,445.47198486328125,446.86893,414.64771580682196,414.64771580682196
448.92,423.739501953125,412.56207,386.02672759796053,416.30621740410845,405.9859809735302,349.8052978515625,409.8095197251751,443.91125986237904,443.01995849609375,442.72894,421.91301294666516,421.91301294666516
518.5641667,428.62567138671875,416.71194,394.3843564051598,439.02093103417224,404.51652869990755,351.74468994140625,418.40912179913573,430.90778854822156,447.7868957519531,456.63324,432.0399334796458,432.0399334796458
454.46,449.6338195800781,444.4323,413.4079210680267,458.37766095591996,415.98856915411324,407.3412780761719,433.05432110933634,431.91028108852333,455.668212890625,456.52127,435.9913537357605,435.9913537357605
465.53,452.44921875,446.71313,418.16859570503897,470.01175407207666,418.3617518127557,409.59674072265625,435.7271755671019,432.78973952613046,464.0992431640625,465.79825,447.97114949224004,447.97114949224004
466.015,450.858642578125,445.6353,415.6295692319658,463.70103636952354,416.3634965693364,408.52923583984375,433.2670175031633,432.9642407044917,464.55224609375,465.49127,448.165937113033,448.165937113033
463.215,451.9585876464844,446.27347,417.4280463170593,468.1461314548012,416.948007515263,409.3094482421875,433.80804127351956,432.4702477507272,462.9679870605469,464.55627,448.30026630043045,448.30026630043045
473.56,451.7612609863281,446.1789,417.07540375135466,467.2649749819773,416.948007515263,409.1324157714844,433.80804127351956,431.5052678756135,465.3763732910156,467.70837,439.8220712871236,439.8220712871236
469.495,445.4837341308594,441.07138,406.3198054973641,442.63204647639645,412.23284370643216,404.4929504394531,421.0167929436889,434.42940687175394,460.903076171875,461.39795,437.9152513725592,437.9152513725592
466.415,443.3901672363281,439.2287,402.8286440968884,435.5699274214883,413.7022959800548,403.055908203125,414.4300821850922,438.99929786933353,459.2826232910156,459.10162,436.63973704835627,436.63973704835627
459.06,443.1350402832031,439.05093,402.2644159917611,434.4715195547866,413.7022959800548,402.852294921875,414.4300821850922,430.29614124020515,454.7901306152344,455.44144,431.6320482025102,431.6320482025102
450.73,440.98974609375,437.23123,398.6321975650036,427.686591349767,413.7022959800548,400.7595520019531,413.46355145084476,429.22536502251944,453.6996154785156,450.96384,446.22259494663086,446.22259494663086
451.135,451.7154846191406,446.1592,417.00487523821374,467.0893038357751,416.948007515263,409.234619140625,433.80804127351956,681.3884273550873,724.2490844726562,730.622,731.9049049409537,731.9049049409537
709.8320833,810.7171020507812,798.1804,829.9440413453353,0.0,663.2436964756276,758.5478515625,789.1959106320959,718.0790485925068,758.5115966796875,764.2926,747.696272642347,747.696272642347
843.25125,803.4955444335938,791.9871,798.9650082467668,0.0,656.6689414551762,738.8963623046875,702.1145887171901,736.3748323126797,806.6880493164062,812.45654,814.4759734834698,814.4759734834698
826.2095833,801.0204467773438,789.56915,788.4581333846648,0.0,650.3794398102758,732.3385009765625,712.0434480304427,630.9068529256166,663.116943359375,663.2474,630.3848549176171,630.3848549176171
660.5245833,607.4202880859375,607.1039,567.9180665531054,571.7111237091952,573.3768341197105,549.55908203125,577.1869035618284,639.2949616116164,619.9584350585938,625.0323,642.4613137487338,642.4613137487338
667.59,610.9801025390625,610.1589,573.9482544266542,588.9794213131253,579.6663357646108,552.8036499023438,577.9857435103689,640.8302472363736,623.8616943359375,632.9595,646.3065269394097,646.3065269394097
655.555,603.2066650390625,603.4152,560.4773084167382,552.2846698427292,574.8462863933331,546.4876708984375,581.5760726568801,641.2986020260762,616.2034912109375,620.0671,641.5992004911691,641.5992004911691
604.45,606.2139282226562,606.3465,565.9080039285891,566.2583448464374,574.8462863933331,548.6830444335938,576.8529410731445,592.5541057767622,590.0028686523438,592.9991,593.6115890269505,593.6115890269505
569.845,609.6867065429688,609.19604,571.6560777495743,582.2546392804956,579.6663357646108,551.686279296875,577.9340577559244,547.5275302907357,560.294189453125,566.4552,580.8555731647405,580.8555731647405
581.79,611.908447265625,611.0628,575.993581307741,595.1465001508271,579.0719643746279,554.4727783203125,578.0903024695499,570.3063315034674,566.105224609375,573.33,584.1744668371641,584.1744668371641
577.83,613.2855834960938,612.37866,578.285757984821,602.2444810302903,575.2762657533933,557.0897827148438,578.3273128467724,433.833227284152,459.4449768066406,447.08954,439.85054142166655,439.85054142166655
429.575,420.189453125,423.4208,413.97771067053077,440.7762182190544,411.83808572877615,453.9317626953125,433.3541671793096,388.589104246885,422.5447692871094,418.73367,418.8015825584885,418.8015825584885
461.12,423.2440185546875,425.82828,419.3026134126704,456.14312955552066,410.07304512092367,462.9898376464844,432.544782699345,395.58239878847763,441.13616943359375,440.54935,436.2129465895207,436.2129465895207
438.645,424.6956481933594,426.89032,421.48899732003895,462.7609439264271,411.4867894184165,466.6388854980469,434.64527410726424,376.8292512429663,431.14410400390625,432.82175,434.7397265989144,434.7397265989144
460.66,423.5044250488281,426.08603,419.7610487480864,457.51586852344747,410.07304512092367,463.5606689453125,432.39887084833634,396.57352036420804,439.9807434082031,439.77863,433.354323332066,433.354323332066
465.795,421.8403625488281,424.6289,416.6930584264563,448.47933676722744,408.39357255196586,458.3252868652344,431.5043094468581,393.34946190698537,439.4351806640625,439.48956,429.8557273276533,429.8557273276533
454.885,415.5698547363281,419.9007,406.2195742250294,420.29231199962635,408.0319293724155,439.3780517578125,415.52970012843366,525.1620820306549,549.770751953125,554.0656,530.861424444262,530.861424444262
571.31,607.919921875,607.5209,568.6938801976555,573.85626910193,573.3768341197105,550.141845703125,577.1869035618284,563.4919487584649,557.73583984375,564.74084,580.1680051536254,580.1680051536254
616.085,608.3986206054688,607.93665,569.646015125058,576.5198257169794,573.3768341197105,550.5470581054688,577.6728069410844,593.5525325784006,593.6546630859375,598.60284,595.7266817817393,595.7266817817393
618.29,609.2588500976562,608.8265,571.1271139010174,580.7307739218853,579.6663357646108,551.3705444335938,577.9340577559244,464.140408538175,483.7989807128906,458.4134,444.99567790217975,444.99567790217975
461.275,432.19720458984375,434.74716,409.41257689351374,404.6615839351843,408.0389070733399,410.8562927246094,418.9943663422621,436.6892272761656,429.5814514160156,435.128,429.3054763234595,429.3054763234595
466.155,439.3238830566406,452.31458,414.1809610167018,383.5650632443459,433.5612332856288,428.89306640625,413.86241062841214,585.9433269643259,579.4168701171875,586.9769,533.1587617002027,533.1587617002027
610.815,620.971923828125,630.3902,583.6536344697068,591.5980758171189,585.6588862437904,591.6504516601562,577.339811393715,631.5766668537049,607.5065307617188,614.8106,599.4062832171795,599.4062832171795
623.37,620.9528198242188,630.37775,583.6888987262773,591.678184733138,585.6588862437904,591.7750854492188,577.339811393715,491.68941062544934,500.0,490.32544,451.81264375766875,451.81264375766875
475.37,440.8146057128906,451.25983,439.34042063086804,463.31723561198885,445.04546964048575,473.4548645019531,441.69732267713795,435.0469418417241,455.2020568847656,455.84543,446.2445086547802,446.2445086547802
481.765,443.8641662597656,453.57858,444.38320932044394,477.2478267088685,451.6744245298136,480.3644714355469,441.9943313219059,617.4338919158296,701.056640625,719.1814,655.178433034097,655.178433034097
686.9691667,831.74755859375,806.26324,945.7365699150223,0.0,749.2911146010417,789.8857421875,740.5368411001352,573.0233055320521,643.7501831054688,644.19904,658.8171378869698,658.8171378869698
644.0070833,663.2608032226562,650.4701,714.0,682.7191006853762,619.0742407181983,652.3314819335938,620.493911201108,602.193759870042,643.7704467773438,656.7073,638.6007831680067,638.6007831680067
618.72625,663.1029052734375,650.3558,714.0,682.3851023911783,619.0742407181983,652.1976928710938,620.493911201108,583.4240623162627,634.0082397460938,647.66595,614.8383981545564,614.8383981545564
630.90625,663.9489135742188,650.8765,714.0,684.5177653725776,619.7868290683593,653.401123046875,620.4499503350211,599.2053201518629,634.6896362304688,650.11566,621.6980262656621,621.6980262656621
637.4175,655.3934326171875,643.9675,714.0,658.5743836837363,601.2243009225551,646.3742065429688,615.9306623282639,605.234694965212,635.6825561523438,647.75494,623.4590015048326,623.4590015048326
632.3920833,654.2973022460938,643.09467,714.0,655.8905194091284,602.0365830566226,645.8038940429688,615.9028888832495,596.3836740700181,639.0135498046875,648.8546,621.533722891444,621.533722891444
623.8141667,665.1630859375,652.26874,714.0,688.8104174885092,619.7868290683593,655.7088623046875,620.7974110898177,582.6153556391633,639.3408813476562,652.1644,616.3982926475153,616.3982926475153
625.94625,669.2946166992188,655.7832,714.0,698.5421854840978,624.5717169971284,663.5565795898438,624.5936566152799,590.9580992360005,640.6668090820312,656.3818,618.4148108400123,618.4148108400123
627.2441667,666.4808349609375,653.1901,714.0,691.5841796512622,619.9940063366373,658.0903930664062,622.3229559511499,595.4650780385354,639.5087280273438,654.20404,621.5952046103142,621.5952046103142
612.4233333,665.1416015625,652.18933,714.0,688.5374423913316,619.7868290683593,655.44921875,620.9684770699799,578.9123176173848,633.6410522460938,647.6971,611.9243976181141,611.9243976181141
611.7095833,668.10546875,654.59454,714.0,695.3447106292268,621.5748261244502,661.2728271484375,624.1349799120886,583.8501164439552,637.75634765625,651.2507,610.4516114649502,610.4516114649502
722.8179167,675.3577270507812,661.0156,714.0,714.0,634.3216129161491,673.4091796875,632.6401073545169,616.7112764685301,647.3823852539062,652.2795,684.4611144829174,684.4611144829174
626.75375,674.800048828125,681.4119,714.0,714.0,639.9989560592824,685.0604858398438,621.146649945026,615.191505851367,647.1375122070312,660.6691,615.3801285981737,615.3801285981737
643.3366667,659.9213256835938,667.142,714.0,714.0,621.7719974076613,658.04541015625,608.2596445819424,624.0817409161683,642.4126586914062,652.8689,619.5979669935031,619.5979669935031
630.1070833,640.1882934570312,648.1304,692.0458220106451,714.0,597.3372408267833,627.1046752929688,592.1749717640176,726.9581945770707,799.0469970703125,785.1995,714.4112424955954,714.4112424955954
797.78875,834.8197631835938,830.35394,928.6313032351902,964.0,773.5779048819024,840.9689331054688,739.0573334120708,767.7646970588204,816.9281616210938,811.99493,758.2097848541537,758.2097848541537
817.91125,826.9159545898438,822.8579,882.7441015885104,964.0,761.4954268438519,821.28662109375,708.7680566689777,730.8709431246845,828.8385009765625,821.9739,739.8920633843671,739.8920633843671
821.1241667,827.2000122070312,822.9311,884.0137079581815,964.0,763.5310361859174,821.6640014648438,707.9138731234503,764.6126241243023,829.984619140625,822.0441,744.974539989782,744.974539989782
771.4566667,831.543701171875,827.11,909.4058353516011,964.0,770.5418851375304,832.75830078125,738.4795707145386,713.4872005918462,799.8592529296875,796.0359,737.2283931198365,737.2283931198365
764.8875,826.9210205078125,822.89417,882.9254739270355,964.0,761.4954268438519,821.1671142578125,708.7680566689777,730.5323739878842,787.7919921875,783.5814,726.6433052079745,726.6433052079745
793.6504167,821.240234375,817.88934,850.8225700082124,964.0,742.1588850746039,807.4077758789062,706.4631285706107,459.56336465205396,498.7463073730469,497.9889,452.9020555817576,452.9020555817576
479.6941667,445.45709228515625,457.4669,424.1607456261423,394.1320644544477,433.08943705744406,441.1744689941406,435.1022352619618,472.92634630590635,452.066162109375,449.40002,468.7300568737578,468.7300568737578
465.32,448.3988342285156,459.97385,428.99194877629543,400.5904942387315,438.9752906864379,444.782470703125,435.3998563372408,462.58581909448054,445.4576721191406,444.80548,450.99926405532744,450.99926405532744
465.055,444.5753479003906,456.94113,422.9617609027466,392.6649384051185,433.68380844742694,440.0154724121094,437.35520701166377,462.39017948719135,443.7420654296875,441.69495,450.67258027728326,450.67258027728326
466.775,443.86785888671875,456.34018,421.8685689490623,391.37429377723595,433.68380844742694,439.0367736816406,429.9355360812605,463.9620134280933,446.2389831542969,442.90073,455.1155239634155,455.1155239634155
449.095,449.6983337402344,461.0645,431.14306842709357,403.7480401202198,442.40788236905564,446.5699157714844,437.9845661791932,449.012843761609,436.6049499511719,441.18298,444.41116866830833,444.41116866830833
350.42,452.9755554199219,472.72018,439.8369944550809,394.8651851748949,420.094485135182,457.002685546875,441.6968170211077,384.5339326297633,385.3121643066406,387.67087,365.573669772625,365.573669772625
422.42,457.2110595703125,476.0834,446.4666746903276,403.74795772842947,420.6392964841531,462.058349609375,444.90467065679326,421.4245811961554,430.4601135253906,432.76685,420.00232395284473,420.00232395284473
468.605,457.67596435546875,476.35538,447.03090279545495,404.58011854864765,420.6392964841531,462.1549987792969,445.2016793015613,463.9855913128102,460.19061279296875,461.13116,451.9508872963,451.9508872963
468.79,461.74853515625,479.86554,453.90743282669484,415.6823828948483,454.8261739805772,466.9835510253906,449.7092437553523,463.39674049297224,462.48162841796875,464.65482,454.381759745232,454.381759745232
469.16,462.7554016113281,480.66284,455.52958862893604,418.56012045143814,457.24188203093803,468.15960693359375,449.7092437553523,463.1246282223837,463.8585205078125,466.11957,460.47196983978796,460.47196983978796
470.955,464.23419189453125,481.74167,457.9628223322979,423.06192583883274,459.1530992743977,469.8470764160156,449.7092437553523,455.65644029640333,463.221923828125,467.3613,466.10824074754,466.10824074754
469.46,458.0430603027344,476.96808,448.05356623599835,406.1188681025318,427.73114240275055,463.1174011230469,445.2016793015613,461.376257741804,456.95513916015625,460.19193,455.43144337601433,455.43144337601433
468.23,450.53057861328125,470.86816,436.2400402848939,390.736191434071,418.57980471800744,453.6632995605469,439.22085560807466,451.95856735123084,453.2291564941406,453.35876,457.60863770926426,457.60863770926426
467.515,451.3321533203125,471.37003,437.2979679820077,391.900188005175,418.57980471800744,454.93133544921875,440.8363185931342,451.6972816680898,453.0942687988281,453.3436,453.74795097086195,453.74795097086195
468.275,451.3023376464844,471.3691,437.2274394688668,391.8212812209214,418.57980471800744,454.90069580078125,440.8363185931342,453.02150576392665,453.2528381347656,453.7809,454.2725668437123,454.2725668437123
469.11,450.53057861328125,470.86816,436.2400402848939,390.736191434071,418.57980471800744,453.6632995605469,439.22085560807466,453.6498799614217,455.3250427246094,454.64258,460.4077768006463,460.4077768006463
468.97,455.4278869628906,474.67917,443.9629124738249,400.19941227362835,420.094485135182,460.2662048339844,444.90467065679326,452.1604183821426,460.4947814941406,460.06982,458.287102010995,458.287102010995
490.19,464.10186767578125,481.63736,457.6807082797342,422.5285877047394,459.1530992743977,469.5325012207031,449.7092437553523,569.6607030467517,603.3997192382812,617.42035,541.2627276723024,541.2627276723024
629.67,625.6058959960938,643.1045,595.3097580496129,602.1153575341999,581.1259564590458,629.56298828125,577.733066484563,644.9205436161941,625.1167602539062,634.2678,613.6091967536452,613.6091967536452
649.45,626.0820922851562,643.27985,596.156100207304,603.8971407441767,581.1259564590458,630.11865234375,577.8803608595736,656.1891773083287,631.271728515625,639.96533,618.7275042894336,618.7275042894336
645.22,624.4407348632812,642.095,593.2644311685262,597.9203841773505,587.4425993262596,628.3552856445312,577.733066484563,644.3688912728891,628.0323486328125,635.12836,607.7011424445354,607.7011424445354
664.56,622.9541625976562,641.16187,591.0075187480168,593.4736829935372,587.2901245211791,626.18408203125,577.3914971481595,670.0371736771549,638.8624877929688,645.84033,645.9329708031869,645.9329708031869
629.445,622.732177734375,640.7176,590.5138191560303,592.526453860093,587.2901245211791,625.9153442382812,577.3914971481595,603.7744120439992,617.6347045898438,622.493,602.5205978833375,602.5205978833375
629.935,627.0516357421875,644.0215,597.7077274964043,607.2335751250552,580.8529899342353,631.3912353515625,577.8803608595736,464.3189125495253,499.18914794921875,498.4277,448.8827358841933,448.8827358841933
449.03,467.44537353515625,476.2988,438.50743588745433,454.56271841438513,429.4220889428934,497.1236267089844,441.63986912224044,448.82080805519047,462.9958801269531,466.21786,448.59287018358197,448.59287018358197
453.785,475.6742858886719,483.06372,452.5073457459273,480.7436626519017,462.15569398598655,500.0,449.44479037924424,624.759297123452,731.79150390625,753.8043,658.5524779509391,658.5524779509391
722.4633333,848.5170288085938,840.6702,951.395838681844,964.0,760.1173530369654,837.6146240234375,749.8910011923514,768.2342391711562,792.7134399414062,809.69794,747.0014488676227,747.0014488676227
869.48125,837.484619140625,830.51306,898.6936747607193,948.1995793161976,758.3598477843924,815.41845703125,734.0986645876959,461.5844538486457,500.0,544.15045,475.88583590826244,475.88583590826244
470.34,462.86029052734375,472.57248,430.60824241567104,443.03721865566934,426.7666307530367,488.0353088378906,436.09427125615474,626.2409776088887,725.688232421875,744.9937,653.02704228482,653.02704228482
651.3633333,834.320068359375,827.6604,879.8309515541791,923.8094458327349,756.4931061482736,807.9729614257812,730.8339395783013,723.791405815854,759.8779907226562,775.21893,714.5242869148843,714.5242869148843
854.6333333,832.12548828125,825.91455,868.0417495500914,909.1922073371996,754.1462918640926,803.3302612304688,732.0832732129662,783.2696818287886,845.8506469726562,852.1472,763.6723704815062,763.6723704815062
848.8545833,836.1701049804688,829.45105,890.5319195271197,937.4947124288873,754.8924699999217,812.2955932617188,728.982108442412,783.0435448143004,840.9104614257812,849.05286,761.7487348270434,761.7487348270434
840.2841667,834.8953857421875,828.47345,883.6397706631918,928.6349542412071,755.4917138196033,809.5379028320312,730.1540849475207,775.2269359840772,832.0126342773438,842.3,755.9939521129634,755.9939521129634
771.43375,829.4234619140625,823.69525,851.8996114214173,889.9596380082684,730.2729065922243,796.7570190429688,722.5903206386882,467.4561242679708,485.6850280761719,495.77438,438.00986306383044,438.00986306383044
471.505,456.284912109375,467.33142,419.71158713539864,430.98215148590646,426.6901685455239,475.01806640625,420.1580028299497,452.12306960000245,464.98028564453125,466.48483,440.25157489351824,440.25157489351824
469.58,457.8932800292969,468.72964,422.4621991478946,433.6046467666125,425.22071627190115,478.34881591796875,421.63115395721513,454.9083680486379,466.8969421386719,466.59375,450.72036547413717,450.72036547413717
469.785,454.6700134277344,468.3211,430.9010358214996,442.3819803565782,431.5938791619183,485.7981262207031,437.3013680976645,449.79749924356435,470.9117431640625,471.91907,455.5363137693029,455.5363137693029
479.325,458.11090087890625,471.06235,436.64910964248475,450.5867820686957,432.73465693460054,490.066162109375,441.4600019115353,447.9506609862054,481.6910400390625,481.48495,454.1750701590323,454.1750701590323
476.455,464.0859375,475.6644,446.5231014822138,467.57595343507444,441.8859946193436,497.8208312988281,445.70538389256706,446.79978201922785,485.4054870605469,485.49173,454.77422993750855,454.77422993750855
474.22,472.6762390136719,482.5164,460.9461824195323,498.9693774538781,472.7011224535005,500.0,450.87180809395437,446.94294805791424,486.29632568359375,491.64706,456.46129544182156,456.46129544182156
475.01,469.74237060546875,480.18616,455.9739222430974,487.26475200636526,472.7011224535005,500.0,450.21294834635813,447.69429987292665,481.4435119628906,488.1687,456.3899601962637,456.3899601962637
473.645,460.9279479980469,473.23508,441.3745200229265,458.2606998058603,434.24933735177507,493.78607177734375,445.40837524779903,578.2899573662951,618.3300170898438,631.00464,551.5029127118737,551.5029127118737
613.98875,648.2886962890625,659.68463,692.1467978454483,520.6751983404846,588.85446252604,621.2257080078125,597.0128426127425,794.6071759420392,922.1541137695312,912.1145,773.736189726,773.736189726
968.71875,1015.3783569335938,995.57837,1122.3498070820228,713.2708635903663,927.3209691506136,1000.640869140625,920.8250882360792,905.4341023837981,997.6859741210938,990.8131,968.127028595415,968.127028595415
1020.845417,1012.7266235351562,993.204,1117.3775469055881,702.5102723176141,903.5320553885512,996.0701904296875,921.2210048751821,950.5748411199389,1012.2462158203125,1005.77386,980.6215560790054,980.6215560790054
1062.500833,1012.4061889648438,992.8804,1116.7427902873196,701.2033775069875,903.4207376402076,995.112548828125,922.4814896885068,969.7968212043436,1029.9139404296875,1023.1903,982.5743708737809,982.5743708737809
1065.983333,1009.2001342773438,990.3814,1111.3120947754687,690.6403834260717,901.2426291177233,989.7896118164062,922.794241099034,911.4558327698528,1023.9893798828125,1014.5866,956.726482089665,956.726482089665
1064.077917,1010.998291015625,991.78534,1114.4153493536692,696.5408241398972,901.0551676262621,993.0914306640625,923.1438614697641,942.0479450498241,1021.5794677734375,1013.6239,964.0657035658143,964.0657035658143
1082.11125,1010.1148071289062,990.9746,1112.8284578079988,693.4783913585642,901.0551676262621,991.5122680664062,923.1438614697641,960.6638798505605,1040.7171630859375,1030.3417,964.1387852221068,964.1387852221068
1087.335,1014.0845336914062,994.22876,1119.9518376352316,707.9655012263164,921.8528729236116,998.6093139648438,921.088167947576,963.6330205434466,1050.25732421875,1039.5342,971.8595045601974,971.8595045601974
1147.594167,1020.9174194335938,1000.37317,1131.589042303484,735.7300471765419,919.0863509194933,1009.7311401367188,922.7671114512891,938.8379892304265,1084.887451171875,1073.8698,954.5591711652843,954.5591711652843
1077.8625,1021.5490112304688,1001.0097,1133.0701410794431,739.6283732454166,921.8599457196976,1011.1924438476562,922.8172165909573,921.0699263565795,1046.0906982421875,1039.8026,962.8819871295759,962.8819871295759
1091.212917,1022.4222412109375,1001.8879,1134.515975598832,743.5133063969014,921.8599457196976,1012.6631469726562,921.7702120113196,945.9414881010412,1051.1995849609375,1046.0029,970.1556170573318,970.1556170573318
1079.692083,1016.1038818359375,996.1938,1123.3724705225663,715.5990986546084,928.9381516905839,1002.0512084960938,921.1886149836017,949.678473066449,1041.662353515625,1034.7914,973.6856829861481,973.6856829861481
1115.715,1015.2064208984375,995.5434,1121.891371746607,712.2399153850973,927.3209691506136,1000.5571899414062,920.8250882360792,949.7300326675434,1057.4462890625,1047.628,960.9802597827249,960.9802597827249
1109.07125,1017.4645385742188,997.30914,1125.4177974036534,720.3733399764068,919.0863509194933,1004.1088256835938,920.827342370489,949.1772090404659,1048.3701171875,1042.8839,965.7386508914392,965.7386508914392
1092.607917,1008.3853149414062,989.554,1109.4090594087957,687.656531797459,901.2426291177233,987.6051025390625,914.4180109211069,935.1040383183137,1035.3045654296875,1026.5377,960.3523416817417,960.3523416817417
1064.342917,1006.7568359375,988.27045,1101.610048852245,694.3982833117433,901.2426291177233,985.0767822265625,900.6724533689038,825.7579746213154,915.4822387695312,901.4627,776.9226901646467,776.9226901646467
888.2341667,821.9783325195312,807.42316,922.1521273826581,526.794679179672,748.6622490363959,795.7391967773438,734.1384468219774,752.9744770727516,836.8524780273438,839.1896,773.6159597369893,773.6159597369893
885.73375,822.5255126953125,807.5988,924.8727124605243,523.5028803343365,749.0215185110421,797.01611328125,734.9215270433953,745.2504261700093,833.4092407226562,837.0897,770.5447254079734,770.5447254079734
880.66875,818.361328125,804.12604,902.0197978064468,551.9517654839136,748.9762232277493,786.929443359375,718.1239924377063,641.8495798010488,698.6627197265625,709.61456,647.2940317693694,647.2940317693694
665.31375,641.332763671875,650.5731,714.0,714.0,600.4496664814974,631.969970703125,610.730083855574,724.4615362682778,799.7197265625,784.23413,735.3802104492579,735.3802104492579
828.2329167,815.2014770507812,801.75934,884.0639362925288,575.5750483142737,746.1080892629604,778.4320678710938,706.6738660299493,735.8737800507672,805.9515380859375,809.9973,755.5940176355634,755.5940176355634
872.9625,818.343017578125,804.1259,901.8384254679223,552.1847944884529,748.9762232277493,786.9500732421875,718.1239924377063,751.3378982161973,827.324462890625,820.83704,764.3499111959718,764.3499111959718
835.6045833,805.7788696289062,791.10364,912.7391731523417,0.0,739.3443491340646,773.8429565429688,723.8635339165496,722.6254789051291,805.58935546875,812.8391,764.8603555393887,764.8603555393887
855.8370833,803.9825439453125,789.5934,902.038205179401,0.0,738.0416722796599,769.3048706054688,722.7148721954518,727.3511689834452,812.7537231445312,818.3947,752.3441115364232,752.3441115364232
858.4783333,803.6770629882812,789.3052,899.6803647785833,0.0,738.5552288239992,768.6324462890625,723.002744534557,732.4687691156801,813.1365966796875,819.54266,753.5666473039327,753.5666473039327
860.83,802.2003784179688,788.0889,891.5186095449839,0.0,738.5707581094135,764.9926147460938,700.3997655846911,730.4811070568007,813.94287109375,819.81384,753.8214140027045,753.8214140027045
880.6579167,802.6701049804688,788.5774,894.6019392998995,0.0,739.6583233254181,766.2156372070312,707.3133853858163,763.145511594464,820.839599609375,827.876,762.3474533410428,762.3474533410428
856.6133333,797.0564575195312,784.5421,864.1313864277961,480.8730310582022,734.2448477234726,753.9401245117188,699.4881198344674,742.2075253913896,809.1887817382812,814.43555,761.8024463125737,761.8024463125737
869.5691667,798.0584716796875,785.473,869.7539289220534,0.0,734.2448477234726,756.0115356445312,698.4168060565837,767.0420437471901,813.6824340820312,820.22833,752.1725677596767,752.1725677596767
797.9275,795.0457763671875,782.7856,852.5235567622328,506.45615432492457,710.4162064400525,748.9609985351562,693.2980372502877,730.0583681892853,781.0901489257812,784.9828,738.3182397593705,738.3182397593705
814.82125,800.5455322265625,787.1707,882.8127372958118,0.0,738.6822491864042,761.6590576171875,696.9304359201013,719.5056619043503,789.359130859375,795.62,735.595428405346,735.595428405346
821.4066667,797.5821533203125,784.80634,867.0333438441868,474.5502626686947,734.2448477234726,755.1062622070312,698.6118004932221,730.5298727056864,792.303466796875,797.3142,737.9570343481566,737.9570343481566
841.4766667,798.5559692382812,785.6118,872.8372586769682,0.0,736.5916620076534,757.32080078125,698.6366640870697,738.4887994032993,808.5745239257812,811.90137,757.9910168722357,757.9910168722357
834.7945833,810.3184204101562,794.56085,937.2244388531392,0.0,738.9477771958186,784.1851806640625,727.6945164589547,720.1124665928476,805.9463500976562,813.809,759.0778408551681,759.0778408551681
847.4316667,806.1700439453125,791.2893,914.0087795220128,0.0,739.3443491340646,774.689697265625,724.0237360224688,731.1356017994299,812.32861328125,818.43524,760.6334652494079,760.6334652494079
857.7745833,808.328857421875,792.593,924.891119833478,0.0,739.7036186087107,779.1261596679688,725.6858307355344,861.1718909086105,925.6836547851562,931.73346,903.3061908329767,903.3061908329767
999.0558333,987.8065185546875,970.39703,1081.858871326037,0.0,889.7723502284891,933.0133666992188,874.1692099194396,806.0126310814569,853.003662109375,846.9737,764.7116763962733,764.7116763962733
870.7741667,809.3566284179688,818.0328,913.0456509708538,964.0,763.0438295607082,816.1632080078125,731.3740922707922,776.8210422028878,862.4874877929688,850.6271,766.5465420121076,766.5465420121076
878.2816667,816.2359619140625,823.9171,943.46436566497,964.0,762.6472576224623,823.8502807617188,739.8892178612593,785.0439029460043,866.2022094726562,858.0884,764.8502356795319,764.8502356795319
877.0395833,808.5404052734375,817.13544,906.6976191224988,964.0,761.6300852632155,815.0933227539062,731.2768988478269,770.3651627190494,858.1112060546875,849.6626,764.3812151074376,764.3812151074376
845.51625,799.43701171875,809.6428,855.9133643356606,964.0,745.2780486597833,804.515625,723.6076796688035,773.014005844402,841.2539672851562,830.91125,760.2755255182556,760.2755255182556
792.32875,804.6338500976562,813.9202,884.9329384995684,964.0,758.1152770111808,810.980224609375,723.3850949321055,752.4495022762493,809.3754272460938,803.1755,741.0131619803695,741.0131619803695
847.0879167,803.797119140625,813.3497,880.7613747135067,964.0,760.1055302514535,810.1253051757812,724.7257862133288,758.9086604274223,841.0411376953125,831.6919,762.9390546707322,762.9390546707322
854.1991667,804.5145263671875,813.73016,884.57019382252,964.0,759.6498359480622,810.6920166015625,723.3850949321055,763.8285498419433,839.72021484375,830.9642,754.1790395807387,754.1790395807387
818.5445833,798.5953979492188,808.962,851.9231728881228,964.0,730.5801146281882,804.011962890625,721.7771315436238,767.4820696448256,816.53515625,807.5334,737.380882983533,737.380882983533
